;                            FICTION BOOK LIST;               NAME   ;EMAIL/PHONE NUMBER;;;;;
;BOOK INQUIRIES CONTACT: carol46@shaw.ca BOOKS ARE $1.00 EACH;;;;;;;
;BOOKS ARE NOW AT 2900-272 STREET, ALDERGROVE. YOU CAN GO UPSTAIRS;;;;;;;
;AND BROWSE THE BOOKS. WE WILL BE OPEN WEDNESDAY, JULY 26, 10 AM-2 PM;;;;;;;
;YOU CAN STILL ORDER ONLINE;;;;;;;
;ADDISON, CORBAN - THE TEARS OF DARK WATERS;;;;;;;
;ADICHE, CHIMA MANDA NGOZI - HALF OF A YELLOW SUN;;;;;;;
;AGRESTI, AIMEE - CAMPAIGN WIDOWS  ;;;;;;;
;ALAM, RUMAN - THAT KIND OF MOTHER;;;;;;;
;ALENDER, KATIE - FROM BAD TO CURSED;;;;;;;
;ALEXANDER, TASHA - A CRIMSON WARNING;;;;;;;
;ALGER, CRISTINA - THE DARLINGS;;;;;;;
;ALLAN, CLAIRE - FORGET ME NOT;;;;;;;
;ALTERIO, MAXINE - RIBBONS OF GRACE;;;;;;;
;ANDERSON-DARGATZ, GAIL - THE ALMOST WIFE;;;;;;;
;ANDERSON, CATHERINE - SWEET NOTHINGS;;;;;;;
;ANDERSON, CATHERINE -BRIGHT EYES;;;;;;;
;ANDREWS, AMY  - THE TROUBLE WITH CHRISTMAS;;;;;;;
;ANDREWS, LIZ - HEART AND HOME;;;;;;;
;ANDREWS, MARY KAY - HELLO SUMMER;;;;;;;
;ANDREWS, MARY KAY - SAVANNAH BREEZE;;;;;;;
;ANDREWS, MARY KAY - THE HIGH TIDE CLUB;;;;;;;
;ANDREWS, MARY KAY - THE SANTA SUIT;;;;;;;
;ANDREWS, V.C. - CHRISTOPHER'S DIARY ECHOES OF DOLLANGANER;;;;;;;
;ANNE, MELODY - HER UNEXPECTED HERO;;;;;;;
;ANTHONY, IRIS - THE RUINS OF LACE;;;;;;;
;APPLETON, PENNY - LOVE WILL FIND A WAY (LARGE PRINT);;;;;;;
;APPLETON, PENNY - LOVE, SECOND TIME AROUND (LARGE PRINT);;;;;;;
;ARCHER, JEFFREY - HEADS YOU WIN;;;;;;;
;ARCHER, JEFFREY - NOTHING VENTURED;;;;;;;
;ARCHER, JEFFREY - OVER MY DEAD BODY;;;;;;;
;ARMSTRONG, K.L.  - EVERY STEP SHE TAKES;;;;;;;
;ARNOTT, JOHN - HE KILLS COPPERS;;;;;;;
;ATWOOD, MARGARET - THE ROBBER BRIDE;;;;;;;
;AUSTEN, JANE - SENSE AND SENSIBILITY;;;;;;;
;AUSTIN, LYNN - A WOMAN'S PLACE;;;;;;;
;AUSTIN, LYNN - LEGACY OF MERCY;;;;;;;
;BACH, LAUREN - PURE DYNAMITE;;;;;;;
;BAGSHAWE, TILLY - CHASING TOMORROW;;;;;;;
;BAKER, CHANDLER - THE HUSBANDS;;;;;;;
;BAKER, KEVIN - STRIVERS ROW;;;;;;;
;BALDACCI, DAVID - REDEMPTION;;;;;;;
;BALDACCI, DAVID - SPLIT SECOND;;;;;;;
;BALDACCI, DAVID - THE FIX;;;;;;;
;BALDACCI, DAVID - THE WHOLE TRUTH;;;;;;;
;BALDACCI, DAVID - WALK THE WIRE;;;;;;;
;BANKS, MAYA - NEVER SEDUCE A SCOT;;;;;;;
;BANNER, A.J. - THE TWILIGHT WIFE;;;;;;;
;BANTWAL, SHOBHAN - THE RELUCTANT MATCHMAKER;;;;;;;
;BARATZ-LOGSTED, LAUREN  - LITTLE WOMEN AND ME;;;;;;;
;BARBER, KATHLEEN - TRUTH BE TOLD;;;;;;;
;BARCLAY, LINWOOD - FEAR THE WORST;;;;;;;
;BARNES, JULIAN - THE ONLY STORY;;;;;;;
;BARNES, MARGARET CAMPBELL - MARY OF CARISBROOKE;;;;;;;
;BARNHARDT, WILTON - LOOKAWAY, LOOKAWAY;;;;;;;
;BARRETT, KERRY - THE GIRL IN THE PICTURE;;;;;;;
;BARRETT, LORNA - BOOK CLUB;;;;;;;
;BARRETT, LORNA - SENTENCED TO DEATH;;;;;;;
;BARRY, SEBASTIAN - THE STREET SCRIPTURE;;;;;;;
;BARTLETT, LILLY  - THE SECOND CHANCE CAFE IN CARLTON SQUARE;;;;;;;
;BARTON, FIONA - THE CHILD;;;;;;;
;BARTON, FIONA - THE SUSPECT;;;;;;;
;BARTON, FIONA - THE WIDOW;;;;;;;
;BAXTER, LILY - THE GIRLS IN BLUE;;;;;;;
;BAXTER, LILY - THE SPITFIRE GIRL;;;;;;;
;BEAH, ISHMAIL - RADIANCE OF TOMORROW;;;;;;;
;BEARD, JANET - ATOMIC CITY GIRLS;;;;;;;
;BEECHAM, CAROLINE  - WHEN WE MEET AGAIN;;;;;;;
;BELL, DARCEY - A SIMPLE FAVOUR;;;;;;;
;BELL, DAVID - BRING HER HOME;;;;;;;
;BELL, DAVID - SINCE SHE WENT AWAY;;;;;;;
;BELL, KIMBERLY - A SCANDAL BY ANY OTHER NAME;;;;;;;
;BELLE, KIMBERLEY - STRANGER IN THE LAKE;;;;;;;
;BELLE, KIMBERLY - THREE DAYS MISSING;;;;;;;
;BERENSON, ALEX - THE MIDNIGHT  HOUSE;;;;;;;
;BERENSON, ALEX - THE SECRET SOLDIER;;;;;;;
;BERENSON, ALEX - THE SHADOW PATROL;;;;;;;
;BERRY, STEVE - THE AMBER ROOM;;;;;;;
;BETTS, CHARLOTTE - THE HOUSE IN QUILL COURT;;;;;;;
;BEZMOZGIS, DAVID - THE FREE WORLD;;;;;;;
;BILLINGSLEY, RESHONDA TATE - A GOOD MAN IS HARD TO FIND;;;;;;;
;BINCHY, MAEVE - SCARLET FEATHER;;;;;;;
;BINCHY, MAEVE - WHITEHORN WOODS;;;;;;;
;BIRMINGHAM, JOHN - ASCENDANCE;;;;;;;
;BISHOP, ANNE - WRITTEN IN RED;;;;;;;
;BISHOP, CAROLINE - THE OTHER DAUGHTER;;;;;;;
;BLACK, BENJAMIN - ELEGY FOR APRIL;;;;;;;
;BLACK, BENJAMIN - HOLY ORDERS;;;;;;;
;BLACK, SHAYLA - DEVOTED TO LOVE;;;;;;;
;BLACK, SHAYLA - MINE TO HOLD;;;;;;;
;BLACKWELL, JULIET - OFF THE WILD COAST OF BRITTANY;;;;;;;
;BLAEDEL, SARA - THE FORGOTTEN GIRLS;;;;;;;
;BLAKE, SARAH - THE POSTMISTRESS;;;;;;;
;BLANCHARD, ALICE - A BREATH AFTER DROWNING;;;;;;;
;BLISS, LAURALEE - RED ROCK WEDDINGS;;;;;;;
;BLOCK, S - A WOMAN'S COURAGE;;;;;;;
;BLOCK, S - A WOMAN'S WAR;;;;;;;
;BOBET, LEAH - AN INHERITANCE OF ASHES;;;;;;;
;BOHJOLIAN, CHRIS - THE FLIGHT ATTENDANT;;;;;;;
;BOLAND, SHALINI - THE PERFECT FAMILY;;;;;;;
;BOMBECK, ERMA - THE TIES THAT BIND AND GAG;;;;;;;
;"BOOK INQUIRIES CONTACT; carol46@shaw.ca BOOKS ARE $1.00 EACH";;;;;;;
;BOOKS ARE NOW AT 2900 - 272nd STREET, ALDERGROVE. YOU CAN GO;;;;;;;
;BOSOMWORTH, JENNIFER - STUCK;;;;;;;
;BOX, C.J. - PARADISE VALLEY;;;;;;;
;BOYE, ELIZABETH - LOVE LETTERS FROM A DUKE;;;;;;;
;BRADFORD, BARBARA TAYLOR - SECRETS OF CAVENDON;;;;;;;
;BRADLEY, KATE  - TO KEEP YOIU SAFE;;;;;;;
;BRASHARES, ANN  - GIRLS IN PANTS THE THIRD SUMMER OF SISTERHOOD;;;;;;;
;BRASHARES, ANN - FOREVER IN BLUE;;;;;;;
;BRENNAN, ALLISON - FEAR NO EVIL;;;;;;;
;BRENNAN, ALLISON - THE SORORITY MURDER;;;;;;;
;BRENNAN, ALLISON - THE WRONG VICTIM;;;;;;;
;BRETON, LAURIE - LETHAL LIES;;;;;;;
;BROCKMANN, SUZANNE - BORN IN DARKNESS;;;;;;;
;BROCKMANN, SUZANNE - FORCE OF NATURE;;;;;;;
;BROOKE, AMANDA - THE WIDOW CLUB;;;;;;;
;BROOKS, GERALDINE - CALEB'S CROSSING;;;;;;;
;BROOKS, GERALDINE - THE SECRET CHORD;;;;;;;
;BROOKS, KAREN - THE CHOCOLATE MAKER'S WIFE;;;;;;;
;BROWN, ANDRA - SWEET ANGER;;;;;;;
;BROWN, DAN - THE DI VINCI CODE;;;;;;;
;BROWN, DAN - THE LOST SYMBOL;;;;;;;
;BROWN, DUFFY - LETHAL IN OLD LACE;;;;;;;
;BROWN, ELEANOR - THE WEIRD SISTERS;;;;;;;
;BROWN, ERIC - THE PROMISE;;;;;;;
;BROWN, KARMA - RECIPE FOR A PERFECT WIFE;;;;;;;
;BROWN, KATE LORD - THE HOUSE OF DREAMS;;;;;;;
;BROWN, KATE LORD - THE PERFUME GARDEN;;;;;;;
;BROWN, SANDRA - BEST KEPT SECRETS;;;;;;;
;BROWN, SANDRA - BREATH OF SCANDAL;;;;;;;
;BROWN, SANDRA - EXCLUSIVE;;;;;;;
;BROWN, SANDRA - HELLO DARKNESS;;;;;;;
;BROWN, SANDRA - LETHAL;;;;;;;
;BROWN, SANDRA - LOW PRESSUE;;;;;;;
;BROWN, SANDRA - MIRROR IMAGE;;;;;;;
;BROWN, SANDRA - OVERKILL;;;;;;;
;BROWN, SANDRA - PLAY DIRTY;;;;;;;
;BROWN, SANDRA - SMOKE SCREEN;;;;;;;
;BROWN, SANDRA - STING;;;;;;;
;BROWN, SANDRA - SWEET ANGER;;;;;;;
;BROWN, SANDRA - THE SWITCH;;;;;;;
;BROWN, SANDRA - THE WITNESS;;;;;;;
;BROWN, SANDRA - THURSDAY'S CHILD;;;;;;;
;BROWN, SANDRA - TOUGH CUSTOMER;;;;;;;
;BROWN, T.J. - SUMMERSET ABBEY;;;;;;;
;BROWNE, SHERYL - THE AFFAIR;;;;;;;
;BRUHNS, NINA - IF LOOKS COULD KILL;;;;;;;
;BRUHNS, NINA - RED HEAT;;;;;;;
;BRUHNS, NINA - SHOOT TO THRILL;;;;;;;
;BRYAN, HELEN - WAR BRIDES;;;;;;;
;BUCHMAN, M.L. - I OWN THE DAWN;;;;;;;
;BURKE, ALAFAIR - THE BETTER SISTER;;;;;;;
;BURROWES, GRACE  - THE MacGREGOR'S LADY;;;;;;;
;BURROWS, ANNIE - COURTSHIP IN THE REGENCY BALLROOM;;;;;;;
;BURTON, JACI - CHANGING THE GAME;;;;;;;
;BURTON, JACI - HOPE IGNITES;;;;;;;
;BURTON, JACI - NOTHING PERSONAL;;;;;;;
;BURTON, JACI - PLAYING TO WIN;;;;;;;
;BURTON, JACI - RIDING THE NIGHT;;;;;;;
;BURTON, JACI - TAKING A SHOT;;;;;;;
;BURTON, JACI - THROWN BY A CURVE;;;;;;;
;BURTON, LOUISA - THE GARDEN OF SIN;;;;;;;
;BURTON, MARY - BE AFRAID;;;;;;;
;BURTON, MARY - I'M WATCHING YOU;;;;;;;
;BUSBEE, SHIRLEE  - SURRENDER BECOMES HER;;;;;;;
;BUSH, NANCY - BAD THINGS;;;;;;;
;BUSH, NANCY - YOU CAN'T ESCAPE;;;;;;;
;BUSHNELL, CANDACE - ONE FIFTH AVENUE;;;;;;;
;BUTLER, J.L. - MINE;;;;;;;
;BYBEE, CATHERINE - TAKEN BY TUESDAY;;;;;;;
;BYERS, MICHAEL - THE UNFIXED STARS;;;;;;;
;CABOT, MEG - AVALON HIGH;;;;;;;
;CABOT, MEG - THE BOY IS BACK;;;;;;;
;CAHN, JONATHAN - THE HARBINGER 11 THE RETURN;;;;;;;
;CALETTI, DEB - THE FORTUNES OF INDIGO SKYE;;;;;;;
;CALETTI, DEB - WILD ROSES;;;;;;;
;CALLOW, PAMELA - INDEFENSIBLE;;;;;;;
;CALVERT, CANDACE - TRAUMA PLAN;;;;;;;
;CAMERON, W. BRUCE - THE DOGS OF CHRISTMAS;;;;;;;
;CAMILLERI, ANDREA - THE AGE OF DOUBT;;;;;;;
;CAMPBELL, BONNIE JO - ONCE UPON A RIVER;;;;;;;
;CAMPBELL, MICHELE - SHE WAS THE QUIET ONE;;;;;;;
;CAMPBELL, MICHELLE - A STRANGER ON THE BEACH;;;;;;;
;CANHAN, MARSHA - MY FOREVER LOVE;;;;;;;
;CAREY, ELLA - A NEW YORK SECRET;;;;;;;
;CAREY, ELLA - FROM A PARIS BALCONY;;;;;;;
;CARR, ROBYN - A FAMILY AFFAIR;;;;;;;
;CARR, ROBYN - RETURN TO VIRGIN RIVER;;;;;;;
;CARR, ROBYN - SUNRISE ON HALF MOON BAY;;;;;;;
;CARR, ROBYN - THE COUNTRY GUESTHOUSE;;;;;;;
;CARR, ROBYN - THE LIFE SHE WANTS;;;;;;;
;CARR, ROBYN - THE VIEW FROM ALAMEIDA ISLAND;;;;;;;
;CARROLL, CLAUDIA - A SECRET SOMEONE;;;;;;;
;CASTILE, ZOEY - STRIPPED;;;;;;;
;CASTILLO, LINDA - DEPTH PERCEPTION;;;;;;;
;CASTILLO, LINDA - FALLEN;;;;;;;
;CASTILLO, LINDA - OUTSIDER;;;;;;;
;CASTILLO, LINDA - SHAMED;;;;;;;
;CHAMBERLAIN, DIANE - THE STOLEN MARRIAGE;;;;;;;
;CHAMBERLAIN, HOLLY - THE SUMMER NANNY;;;;;;;
;CHANCE, REBECCA  - BAD ANGELS;;;;;;;
;CHANCE, REBECCA - BAD BRIDES;;;;;;;
;CHASE, EVE - BLACK RABBIT HALL;;;;;;;
;CHASE, F.J. - BARGAIN WITH THE DEVIL;;;;;;;
;CHEFITZ, MITCHELL - THE THIRTY-THIRD HOUR;;;;;;;
;CHIAVERINI, JENNIFER - ELM CREEK QUILTS;;;;;;;
;CHIAVERINI, JENNIFER - THE LOST QUILTER;;;;;;;
;CHILD, LEE - THE HARD WAY;;;;;;;
;CHOUINARD, M.M. - HER DAUGHTER'S CRY;;;;;;;
;CHRISTIE, AGATHA - HALLOWE'EN PARTY;;;;;;;
;CLANCY, TOM - DEBT OF HONOR;;;;;;;
;CLANCY, TOM (written by Jeff Rovin & George Galdoresi) - DARK ZONE;;;;;;;
;CLANCY, TOM (written by Jerome Preisler)   - POWER PLAYS;;;;;;;
;CLANCY, TOM BY MARK GREANEY - TRUE FAITH AND ALLEGIANCE;;;;;;;
;CLANCY, TOM BY MIKE MADEN - ENEMY CONTACT;;;;;;;
;CLANCY, TOM BY MIKE MADEN - FIRING POINT;;;;;;;
;CLANCY, TOM WITH MARK GREANEY - THREAT VECTOR;;;;;;;
;CLARK CAROL HIGGINS - CURSED;;;;;;;
;CLARK, CAROL HIGGINS - ICED;;;;;;;
;CLARK, CAROL HIGGINS - ZAPPED;;;;;;;
;CLARK, MARY HIGGINS - I'LL WALK ALONE;;;;;;;
;CLARK, MARY HIGGINS - I'VE GOT MY EYES ON YOU;;;;;;;
;CLARK, MARY HIGGINS - I'VE GOT YOU UNDER MY SKIN;;;;;;;
;CLARK, MARY HIGGINS - MOONLIGHT BECOMES YOU;;;;;;;
;CLARK, MARY HIGGINS - NIGHT TIME IS MY TIME;;;;;;;
;CLARK, MARY HIGGINS - PRETEND YOU DON'T SEE HER;;;;;;;
;CLARK, MARY HIGGINS - THE LOTTERY WINNER;;;;;;;
;CLARK, MARY HIGGINS - WE'LL MEET AGAIN;;;;;;;
;CLARK, MARY HIGGINS - WHERE ARE YOU NOW?;;;;;;;
;CLARK, MARY HIGGINS - YOU DON'T OWN ME;;;;;;;
;CLARK, MARY HIGGINS -DEATH WEARS A BEAUTY MASK AND OTHER STORIES;;;;;;;
;CLEETON, CHANEL - NEXT YEAR IN HAVANA;;;;;;;
;CLEETON, CHANEL -ON BROKEN WINGS;;;;;;;
;COBB, MAY - THE HUNTING WIVES;;;;;;;
;COBEN, HARLAN - THE BOY FROM THE WOODS;;;;;;;
;COBLE, COLLEEN - SILENT NIGHT, HOLY NIGHT;;;;;;;
;COE, JONATHAN - THE TERRIBLE PRIVACY OF MAXWELL SIM;;;;;;;
;COES, ANDREW - INDEPENDENCE DAY;;;;;;;
;COHEN, TAMAR  - THE MISTRESS'S REVENGE;;;;;;;
;COHEN, TISH - THE SECOND ANGEL;;;;;;;
;COHEN, TISH - THE SUMMER WE LOST HER;;;;;;;
;COLE, KRESLEY - THE PROFESSIONAL;;;;;;;
;COLE, MARTINA - FACES;;;;;;;
;COLE, MARTINA - THE LIFE;;;;;;;
;COLE, MEGAN - FORTUNE;;;;;;;
;COLE, MEGAN - RICHE$;;;;;;;
;COLE, SCARLETT - LENNON REBORN; ;; ;;;;
;COLE, SCARLETT - NIKAN REBUILT;;;;;;;
;COLLINS, JACKIE  - DEADLY EMBRACE;;;;;;;
;COLLINS, JOAN - ST. TROPEZ LONELY HEARTS CLUB;;;;;;;
;CONNELLY, M ICHAEL - A DARKNESS MORE THAN SIGHT;;;;;;;
;CONNELLY, MICHAEL - BLOOD WORK;;;;;;;
;CONNELLY, MICHAEL - CHASING THE DIME;;;;;;;
;CONNELLY, MICHAEL - CITY OF BONES;;;;;;;
;CONNELLY, MICHAEL - DARK SCARED NIGHT;;;;;;;
;CONNELLY, MICHAEL - FAIR WARNING;;;;;;;
;CONNELLY, MICHAEL - THE BRASS VERDICT;;;;;;;
;CONNELLY, MICHAEL - THE BURNING ROOM;;;;;;;
;CONNELLY, MICHAEL - THE CROSSING;;;;;;;
;CONNELLY, MICHAEL - THE DARK HOURS;;;;;;;
;CONNELLY, MICHAEL - THE GODS OF GUILT;;;;;;;
;CONNELLY, MICHAEL - THE LATE SHOW;;;;;;;
;CONNELLY, MICHAEL - THE NARROWS;;;;; ;;
;CONNELLY, MICHAEL - THE WRONG SIDE OF GOODBYE;;;;;;;
;CONNELLY, MICHAEL-THE HARRY BOSCH NOVELS THE LAST COYOTE,TRUNK MUSIC,ANGELS FIGHT;;;;;;;
;CONNOLLLY, JOHN - THE UNQUIET;;;;;;;
;CONNOLLY, JOHN - THE BURNING SOUL;;;;;;;
;COOK, LORNA - THE DRESSMAKER'S SECRET;;;;;;;
;COOK, ROBIN - FATAL CURE;;;;;;;
;COOK, ROBIN - HOST;;;;;;;
;COONTS, STEPHAN - DEEP BLACK;;;;;;;
;COOPER, HELEN - THE DOWNSTAIRS NEIGHBOR;;;;;;;
;CORDOVA, ZORAIDA - THE INHERITANCE OF ORQUIDEA DIVINA;;;;;;;
;CORNICK, NICOLA HOUSE OF SHADOW;;;;;;;
;CORNWALL, LECIA - THE WOMAN AT THE FRONT;;;;;;;
;CORNWELL, PATRICIA - DEPRAVED HEART;;;;;;;
;CORNWELL, PATRICIA - DUST;;;;;;;
;CORNWELL, PATRICIA - FLESH AND BLOOD;;;;;;;
;CORNWELL, PATRICIA - PORT MORTUARY;;;;;;;
;CORNWELL, PATRICIA - SCARPETTA;;;;;;;
;COTERILL, COLIN  - GRANDAD, THERE'S A HEAD ON THE BEACH;;;;;;;
;COULTER CATHERINE - THE MAZE;;;;;;;
;COULTER, CATHERINE   -ROSEHAVEN;;;;;;;
;COULTER, CATHERINE  -  BORN TO BE WILD;;;;;;;
;COULTER, CATHERINE  - BLOW OUT;;;;;;;
;COULTER, CATHERINE  - TAILSPIN;;;;;;;
;COULTER, CATHERINE  - THE OFFER;;;;;;;
;COULTER, CATHERINE - BACK FIRE;;;;;;;
;COULTER, CATHERINE - BEYOND EDEN;;;;;;;
;COULTER, CATHERINE - BLIND SIDE;;;;;;;
;COULTER, CATHERINE - DEADLOCK;;;;;;;
;COULTER, CATHERINE - DOUBLE TAKE;;;;;;;
;COULTER, CATHERINE - ELEVENTH HOUR;;;;; ;;
;COULTER, CATHERINE - HEMLOCK BAY;;;;;;;
;COULTER, CATHERINE - KNOCK OUT;;;;;;;
;COULTER, CATHERINE - LYONS GATE;;;;;;;
;COULTER, CATHERINE - NEMESIS;;;;;;;
;COULTER, CATHERINE - PARADOX;;;;;;;
;COULTER, CATHERINE - POINT BLANK;;;;;;;
;COULTER, CATHERINE - RECKONING;;;;;;;
;COULTER, CATHERINE - SPLIT SECOND;;;;;;;
;COULTER, CATHERINE - TAILSPIN;;;;;;;
;COULTER, CATHERINE - THE DEVIL'S TRIANGLE;;;;;;;
;COULTER, CATHERINE - THE END GAME;;;;;;;
;COULTER, CATHERINE - THE PRINCE OF RAVENSCAR;;;;;;;
;COULTER, CATHERINE - THE SCOTTISH BRIDE;;;;;;;
;COULTER, CATHERINE - THE SHERBROOKE TWINS;;;;;;;
;COULTER, CATHERINE - THE VALCOURT HEIRESS;;;;;;;
;COULTER, CATHERINE - THE WNDHAM LEGACY;;;;;;; 
;COULTER, CATHERINE & J.T. ELLISON - THE DEVIL'S TRAINGLE;;;;;;;
;COULTER, CATHERINE & J.T. ELLISON - THE LAST SECOND;;;;;;;
;COULTER, CATHERINE & J.T. ELLISON - THE SIXTH DAY;;;;;;;
;COURT, DILLY  - THE CHRISTMAS WEDDING;;;;;;;
;COURT, DILLY  - THE CONSTANT HEART;;;;;;;
;COURT, DILLY - NETTIE'S SECRET;;;;;;;
;COURT, DILLY - THE CHRISTMAS ROSE;;;;;;;
;COURT, DILLY - THE RIVER MAID;;;;;;;
;COURT, DILLY - THE SUMMER MAIDEN;;;;;;;
;COURT, DILLY - THE SWAN MAID;;;;;;;
;COX, JOSEPHINE - JINNIE;;;;;;;
;CRAIS, ROBERT - THE WATCHMAN;;;;;;;
;CRAM, BUFFY - RADIO BELLY;;;;;;;
;CRAWFORD, KIRSTY - THE SECRET LIFE OF HUSBANDS;;;;;;;
;CRICHTON, MCHAEL - DRAGON TEETH;;;;;;;
;CRICHTON, MICHAEL - STATE OF FEAR;;;;;;;
;CRICHTON, MICHAEL - THE ANDROMEDA EVOLUTION;;;;;;;
;CROFT, KATHRYN - THE OTHER HUSBAND;;;;;;;
;CROMBIE, DEBORAH - A SHARE IN DEATH/NOW MAY YOU SLEEP;;;;;;;
;CROSS, DONNA WOOLFORD - POPE JOAN;;;;;;;
;CRUMMEY, MICHAEL - THE INNOCENTS;;;;;;;
;CUMMING, CHARLES - A FOEIGN COUNTRY;;;;;;;
;CUNNING OLIVIA - WICKED BEAT;;;;;;;
;DALTON, JULE CARRICK - WAITING FOR THE NIGHT SONG;;;;;;;
;DAVID, PETER - FALL OF NIGHT;;;;;;;
;DAVIS,  DEE - DARK DECEPTIONS;;;;;;;
;DAVIS, KRISTA - NOT A CREATURE WAS PURRING;;;;;;;
;DAWSON, LUCY - THE MEMORY;;;;;;;
;DAY, SYLVIA - AFTERBURN/AFTERSHOCK;;;;;;;
;DAY, SYLVIA - BUTTERFLIES IN FROST;;;;;;;
;DAY, SYLVIA - DON'T TEMPT ME;;;;;;;
;DE GRAMONT, NINA   - THE CHRISTIE AFFAIR;;;;;;;
;de la MOTTE , ANDERS - GAME;;;;;;;
;de la MOTTE, ANDERS - THE MISSING INFORMANT;;;;;;;
;DE LINT, CHARLES - THE BLUE GIRL;;;;;;;
;DE LOS SANTOS, MARISA - BELONG TO ME;;;;;;;
;de ROSNAY, TATIANA - SARAH'S KEY;;;;;;;
;DE ROSNAY, TATIANA - THE HOUSE I LOVED;;;;;;;
;DEAN, ELLIE - HOMECOMING;;;;;;;
;DEAN, ELLIE - THERE'LL BE BLUE SKIES;;;;;;;
;DEAN, REBECCA - ENEMIES OF THE HEART;;;;;;;
;DEAN, REBECCA - THE GOLDEN PRINCE;;;;;;;
;DEAVER,  JEFFREY - THE VANISHED MAN;;;;;;;
;DEAVER, JEFFERY - SOLITUDE CREEK;;;;;;;
;DEAVER, JEFFERY - THE STEEL KISS;;;;;;;
;DEAVER, JEFFREY - MORE TWISTED;;;;;;;
;DEAVER, JEFFREY - THE BURNING WIRE;;;;;;;
;DEAVER, JEFFREY - THE EMPTY CHAIR;;;;;;;
;DEAVER, JEFFREY - THE ROOM;;;;;;;
;DECANDIDO, KEITH R.R.  - SUPERNATURAL NVERMORE;;;;;;;
;DEKKER, RACHELLE - WHEN THROUGH DEEP WAERS;;;;;;;
;DELANEY, J.P. - PLAYING NICE;;;;;;;
;DELANEY, J.P. - THE GIRL BEFORE;;;;;;;
;DENESON, JANELLE, TINA DONAHUE AND SHARON CULLARS - BAD BOYS IWTH RED ROSES;;;;;;;
;DENZIL, SARAH A. - SAVING APRIL;;;;;;;
;DESANTI, CAROLE - THE UNRULY PASSIONS OF EUGENIE R.;;;;;;;
;DEVERAUX, JUDE - ALWAYS;;;;;;;
;DEVERAUX, JUDE - CHANGE OF HEART;;;;;;;
;DEVERAUX, JUDE - FIRST IMPRESSIONS;;;;;;;
;DEVERAUX, JUDE - FOREVER AND ALWAYS;;;;;;;
;DEVERAUX, JUDE - LAVENDER MORNING;;;;;;;
;DEVERAUX, JUDE - MOONLIGHT MASQUERADE;;;;;;;
;DEVERAUX, JUDE - STRANGER IN THE MOONLIGHT;;;;;;;
;DEVERAUX, JUDE - TEMPTATION;;;;;;;
;DeWITT, ABIGAIL - NEWS OF OUR LOVED ONES;;;;;;;
;DIAZ, LENA - EXIT STRATEGY;;;;;;;
;DICKENS, CHARLES - GREAT EXPECTATIONS;;;;;;;
;DIMON, HELENKAY - FALLING HARD;;;;;;;
;DOBBS, MICHAEL - CHURCHILL'S TRIUMPH;;;;;;;
;DODD, CHRISTINA  - VIRTUE FALLS;;;;;;;
;DODD, CHRISTINA - DANGEROUS LADIES;;;;;;;
;DODD, CHRISTINA - SCANDALOUS AGAIN;;;;;;;
;DOGG, CHRISTINA - CLOSE TO YOU;;;;;;;
;DONNELLY, JENNIFER - THE WILD ROSE;;;;;;;
;DORRIE, NADINE - THE ANGELS OF LOVELY LANE;;;;;;;
;DOSTOEVSKY, FYODOR - THE BROTHERS KARAMAZOV;;;;;;;
;DOUGLAS, KATE - REDEMPTION;;;;;;;
;DOWLING, CLARE - TOO CLOSE FOR COMFORT;;;;;;;
;DOWNES, ANNA - THE SHADOW HOUSE;;;;;;;
;DRABBLE, MARGARET - THE DARK FLOOD RISES;;;;;;;
;DRAKE, PIPER J. - ABSOLUTE TRUST;;;;;;;
;DRAKE, SHANNON - DEAD BY DUSK;;;;;;;
;DRAPER, SOPHIE - A STRANGER IN OUR HOME;;;;;;;
;DRAPER, SOPHIE - THE HOUSE OF SECRETS;;;;;;;
;DUGONI, ROBERT - THE JURY MASTER;;;;;;;
;DUNANT, SARAH - SACRED HEARTS;;;;;;;
;DUNNE, DOMINICK - A SEASON IN PURGATORY;;;;;;;
;DYBEK, NICK  - THE VERDUN AFFAIR;;;;;;;
;DYKES, AMANDA - WHOSE WAVES THESE ARE;;;;;;;
;DYKES, AMANDA - YOURS IS THE NIGHT;;;;;;;
;EASON, LYNETTE - CODE OF VALOR;;;;;;;
;EAST, PHILIPA - SAFE AND SOUND;;;;;;;
;EDEN, CYNTHIA - DEADLY LIES;;;;;;;
;EDEN, SARAH - THE KISS OF A STRANGER;;;;;;;
;EICHER, JERRY S. - A DREAM FOR HANNAH;;;;;;;
;EKBACK, CECILIA - WOLF WINTER;;;;;;;
;ELLASBERG, JAN - HANNAH'S WAR;;;;;;;
;ELLIS, KAREN - A MAP OF THE DARK;;;;;;;
;ELLISON, RALPH - THREE DAYS BEFORE THE SHOOTING;;;;;;;
;ELLSWORTH, LORETTA - STARS OVER CLEAR LAKE;;;;;;;
;ELLWOOD, NUALA - MY SISTERS BONES;;;;;;;
;ELPHINSTONE MARGARET - LIGHT;;;;;;;
;EMERSON, KATE - SECRETS OF THE TUDOR COURT BY ROYAL DECREE;;;;;;;
;ENDICOTT, MARINA - THE LITTLE SHADOW;;;;;;;
;ENGBERG, KATRINE - THE BUTTERFLY HOUSE;;;;;;;
;ERDMAN, PAUL - THE PANIC OF'89;;;;;;;
;ERSKINE, BARBARA - HIDING FROM THE LIGHT;;;;;;;
;EVANS, LISSA - THEIR FINEST;;;;;;;
;EWING, AMY - THE WHITE ROSE;;;;;;;
;FADER, MOLLY - THE McAVOY SISTERS BOOK OF SECRETS;;;;;;;
;FALLON, SIOBHAN - THE CONFUSION OF LANGUAGES;;;;;;;
;FAYE, LNDSAY - THE GODS OF GOTHAM;;;;;;;
;FEATHER, JANE - TRAPPED AT THE ALTAR;;;;;;;
;FELDMAN, ELLEN - PARIS NEVER LEAVES YOU;;;;;;;
;FELDMAN, ELLEN - PARIS NEVER LEAVES YOU;;;;;;;
;FELLOWS, JESSICA - THE MITFORD MURDERS;;;;;;;
;FENSKY, TAWNA - THE TWO-DATE RULE;;;;;;;
;FENWICK, LIZ - UNDER A CORNISH SKY;;;;;;;
;FERENCIK, ERICA - INTO THE JUNGLE;;;;;;;
;FERGUSON, SARAH - HER HEART FOR A COMPASS;;;;;;;
;FERGUSON, WILL - 419;;;;;;;
;FERNANDO, CHANTAL - CUSTOM BUILT;;;;;;;
;FERNANDO, CHANTAL - DRAGON'S LAIR;;;;;;;
;FERRANTES, ELENA - MY BRILLIANT FRIEND;;;;;;;
;FERRARIS, ZOE - KINGDOM OF STRANGERS;;;;;;;
;FERRELL, CHARITY - JUST NEIGHBORS;;;;;;;
;FERTIC, JUDITH - THE MEMORY OF LEMON; ;;;;;;
;FEWINGS, VANESSA - THE CHASE;;;;;;;
;FEWINGS, VANESSA - THE GAME;;;;;;;
;FIELDING, HELEN - BRIDGET JONES THE EDGE OF REASON;;;;;;;
;FIELDING, HENRY - TOM HONES;;;;;;;
;FIELDING, JOY - THE OTHER WOMAN;;;;;;;
;FIELDS, HELEN - PERFECT SILENCE;;;;;;;
;FIELDS, HELEN - THE SHADOW MAN;;;;;;;
;FINDER, JOSEPH - THE SWITCH;;;;;;;
;FINGERMAN, BOB - PARIAH;;;;;;;
;FINLAY, ALEX - EVERY LAST FEAR;;;;;;;
;FINN, A.J. - THE WOMAN IN THE WINDOW;;;;;;;
;FISHER, KERRY - THE WOMAN I WAS BEFORE;;;;;;;
;FISHER, SUZANNE WOODS - ONE SUMMER TALE;;;;;;;
;FISHER, TARRYN - THE WRONG FAMILY;;;;;;;
;FLEET, REBECCA - THE SECOND WIFE;;;;;;;
;FLORAND, LAURA - THE CHOCOLATE THIEF;;;;;;;
;FLYNN, GILLIAN - GONE GIRL;;;;;;;
;FLYNN, KATIE - A SUMMER PROMISE;;;;;;;
;FLYNN, VINCE - ACTS OF TREASON;;;;;;;
;FLYNN, VINCE - CONSETN TO KILL;;;;;;;
;FLYNN, VINCE - ENEMY OF THE STATE;;;;;;;
;FLYNN, VINCE - LETHAL AGENT;;;;;;;
;FLYNN, VINCE - PROTECT AND DEFEND;;;;;;;
;FLYNN, VINCE - PURSUIT OF HONOR (LARGE PRINT);;;;;;;
;FLYNN, VINCE - RED WAR;;;;;;;
;FLYNN, VINCE - TOTAL POWER;;;;;;;
;FOLEY, LUCY - THE GUEST LIST (LARGE PRINT);;;;; ;;
;FOLEY, LUCY - THE HUNTING PARTY;;;;;;;
;FOLLETT, KEN  - CODE TO ZERO;;;;;;;
;FOLLETT, KEN  - WORLD WITHOUT END;;;;;;;
;FOLLETT, KEN - THE EVENING AND THE MORINING;;;;;;;
;FOLLETT, KEN - THE PILLARS OF THE EARTH;;;;;;;
;FORCE, MARIE  - FATAL THREAT;;;;;;;
;FORCE, MARIE - EVERY LITTLE THING;;;;;;;
;FORCE, MARIE - FATAL ACCUSATION;;;;;;;
;FORCE, MARIE - FATAL CHAOS;;;;;;;
;FORCE, MARIE - FATAL RECKONING;;;;;;;
;FORMAN, GAYLE - LEAVE ME;;;;;;;
;FORSTCHER, WILLIAM, R. - ONE SECOND AFTER;;;;;;;
;FORSYTH, FREDERICK - ICON;;;;;;;
;FORSYTH, FREDERICK-THE DAY OF THE JACKAL, THE ODESSA FILE, THE DOGS OF WAR;;;;;;;
;FORTE, JEMMA - ME & MISS M;;;;;;;
;FORTIER, ANNE - THE LOST SISTERHOOD;;;;;;;
;FORTIN, SUE - THE DEAD WIFE;;;;;;;
;FOSTER, ALAN DEAN - STAR WARS: THE APPROACHING STORM;;;;;;;
;FOSTER, LORI - DASH OF PERIL;;;;;;;
;FOSTER, LORI - DON'T TEMPT ME;;;;;;;
;FOSTER, LORI - GIVE IT UP;;;;;;;
;FOSTER, LORI - HARD JUSTICE;;;;;;;
;FOSTER, LORI - NEVER TOO MUCH;;;;;;;
;FOSTER, LORI - SLOW RIDE;;;;;;;
;FOSTER, LORI - THE DANGEROUS ONE;;;;;;;
;FOSTER, LORI, CARLY PHILLPS, BETH CIOTTA & SUGAR JAMISON-ON THE NAUGHTY LIST;;;;;;;
;FOUNTAIN, BEN - BILLY LYNN'S LONG HALFTIME WALK;;;;;;;
;FOX, JULIA  - SISTER QUEENS;;;;;;;
;FOX, VICTORIA - GLITTERING FORTUNES;;;;;;;
;FRANCES, MICHELLE - THE DAUGHTER;;;;;;;
;FRANCES, MICHELLE - THE GIRLFRIEND;;;;;;;
;FRANCIS, DICK - 10 LB PENALTY;;;;;;;
;FRANCIS, DICK - COME TO GRIEF;;;;;;;
;FRANCIS, DICK - THE EDGE;;;;;;;
;FRANCIS, JUNE - WAR WIDOW;;;;;;;
;FRANK, DOROTHEA BENTON - THE LAST ORIGINAL WIFE;;;;;;;
;FRANK, ELIZABETH - CHEAT AND CHARMER;;;;;;;
;FRANK, JACQUELYN - ELIJAH;;;;;;;
;FRANTZ, LAURA - LOVE'S RECKONING;;;;;;;
;FRANTZ, LAURA - THE COLONEL'S LADY;;;;;;;
;FRANZEN, JONATHAN - FREEDOM;;;;;;;
;FRANZEN, JONATHAN - PURITY;;;;;;;
;Fraser, George MacDonald - Flash for Freedom;;;;;;;
;Fraser, George MacDonald - Flashman;;;;;;;
;Fraser, George MacDonald - Flashman and the Angel of the Lord;;;;;;;
;Fraser, George MacDonald - Flashman and the Dragon;;;;;;;
;Fraser, George MacDonald - Flashman and the Mountain of Light;;;;;;;
;Fraser, George MacDonald - Flashman and the Tiger;;;;;;;
;Fraser, George MacDonald - Flashman at the Charge;;;;;;;
;Fraser, George MacDonald - Flashman in the Great Game;;;;;;;
;Fraser, George MacDonald - Flashman on the March;;;;;;;
;Fraser, George MacDonald - Flashman's Lady;;;;;;;
;Fraser, George MacDonald - Royal Flash;;;;;;;
;FREDE, RICHARD - THE NURSES;;;;;;;
;FURNIVALL, KATE - THE JEWEL OF ST. PETERSBURG;;;;;;;
;GABALDON, DIANA - DRAGONFLY IN AMBER;;;;;;;
;GABALDON, DIANE - OUTLANDER;;;;;;;
;GABALDON, DIANE - THE BREATH OF SNOW AND ASHES;;;;;;;
;GABALDON, DIANE - VOYAGER;;;;;;;
;GABHART, ART - MURDER IN THE COURTROOM;;;;;;;
;GABLE, MICHELLE - THE BOOKSELLER'S SECRET;;;;;;;
;GARDIN, DIANA - PROMISE TO DEFEND;;;;;;;
;GARDNER, LISA - WHEN YOU SEE ME;;;;;;;
;GARIRVINE, ALEX - SUPERNATURAL;;;;;;;
;GARLOCK, DOROTHY - THE MOON LOOKED DOWN;;;;;;;
;GARWOOD, JULIE  - SHADOW DANCE;;;;;;;
;GARWOOD, JULIE - MERCY;;;;;;;
;GARWOOD, JULIE - SAVING GRACE;;;;;;;
;GARWOOD, JULIE - SHADOW MUSIC;;;;;;;
;GARWOOD, JULIE - SWEET TALK;;;;;;;
;GARWOOD, JULIE - THE IDEAL MAN;;;;;;;
;GARWOOD, JULIE - WIRED;;;;;;;
;GAYLIN, ALISON - IF I DIE TONIGHT;;;;;;;
;GAYNOR, HAZEL  - THE COTTINGLEY SECRET;;;;;;;
;GEARY, NANCY - REDEMPTION;;;;;;;
;GEARY, TIM - SPIN;;;;;;;
;GEORGE, ALEX - SETTING FREE THE KITES;;;;;;;
;GEORGE, ELIZABETH - JUST ONE EVIL ACT;;;;;;;
;GEORGE, ELIZABETH - THIS BODY OF DEATH;;;;;;;
;GEORGE, MARGARET - ELIZABETH 1;;;;;;;
;GEORGE, NINA - THE LITTLE PARIS BOOKSHOP;;;;;;;
;GERARD, CINDY - FEEL THE HEAT;;;;;;;
;GERARD, CINDY - SHOW NO MERCY/TAKE NO PRISONERS;;;;;;;
;GERARD, CINDY - TAKING FIRE;;; ;;;;
;GERRITSEN, TESS - BODY DOUBLE;;;;;;;
;GERRITSEN, TESS - ICE COLD;;;;;;;
;GERRITSEN, TESS - THE BONE GARDEN;;;;;;;
;GERRITSEN, TESS - THE MAP LISTS CLUB;;;;;;;
;GERRITSEN, TESS - THE MEPHISTO CLUB;;;;;;;
;GERRITSEN, TESS - THE SINNERS;;;;;;;
;GIBSON, JO - OBSESSED;;;;;;;
;GIER, KERSTIN - RUBY RED;;;;;;;
;GIFFIN, EMILY - BABY PROOF;;;;;;;
;GIFFIN, EMILY - HEART OF THE MATTER;;;;;;;
;GILBERT, DAVID - & SONS;;;;;;;
;GILES, LAMAR - OVERTURNED;;;;;;;
;GILLIES, ANDREA - THE WHITE LIE;;;;;;;
;GILMORE, LUCY - PUPPY KISSES;;;;;;;
;GILMORE, LUCY - RUFF AND TUMBLE;;;;;;;
;GIST, DEEANNE - LOVE ON THE LINE;;;;;;;
;GLASS, SERESSIA - SPICE;;;;;;;
;GLEASON, ROBERT - END OF DAYS;;;;;;;
;GLOSS, SUSAN - THE CURIOSITIES;;;;;;;
;GODDARD, ROBERT - HAND GLOVE;;;;;;;
;GOHLKE, CATHY - UNTIL WE FIND HOME;;;;;;;
;GOLDEN, ARTHUR - MEMOIRS OF A GEISHA;;;;;;;
;GOLDENBAUM, SALLY - TRIMMED WITH MURDER;;;;;;;
;GOODMAN, JO - IN WANT OF A WIFE;;;;;;;
;GOODWIN, DAISY  - THE FORTUNE HUNTER;;;;;;;
;GOOLRICK, ROBERT -  A RELIABLE WIFE;;;;;;;
;GOUDGE, EILEEN - ONCE IN A BLUE MOON;;;;;;;
;GRAFTON, SUE - Q IS FOR QUARRY;;;;;;;
;GRAFTON, SUE - U IS FOR UNDERTOW;;;;;;;
;GRAFTON, SUE - Y  IS FOR  YESTERDAY;;;;;;;
;GRAHAH, CAROLINE - FAITHFUL UNTIL DEATH;;;;;;;
;GRAHAM, HEATHER  - SUSPICIOUS;;;;;;;
;GRAHAM, HEATHER  - THE PRESENCE;;;;;;;
;GRAHAM, HEATHER - DANGER IN NUMBERS;;;;;;;
;GRAHAM, HEATHER - DEADLY GIFT;;;;;;;
;GRAHAM, HEATHER - DEADLY TOUCH;;;;;;;
;GRAHAM, HEATHER - DREAMING DEATH;;;;;;;
;GRAHAM, HEATHER - HAUNTED DESTINY;;;;;;;
;GRAHAM, HEATHER - RUNAWAY;;;;;;;
;GRAHAM, HEATHER - SEEING DARKNESS;;;;;;;
;GRAHAM, HEATHER - THE SEEKERS;;;;;;;
;GRAHAM, HEATHER - THE SUMMONS;;;;;;;
;GRAHAM, HEATHER - THE UNINVITED;;;;;;;
;GRAHAM, HEATHER - THE UNSPOKEN;;;;;;;
;GRANGER, ANN - MIXING WITH MURDER;;;;;;;
;GRANT, ANDREW - RUN; ;;;;;;
;GRANT, MIRA - DEADLINE;;;;;;;
;GRANT, SOFIA - LIES IN WHITE DRESSES;;; ;;;;
;GRAZIER, GIG LEVAGIE - QUEEN TAKES A KING;;;;;;;
;GREANIAS, THOMAS - THE ATLANTIS REVELATION;;;;;;;
;GREEN, HILARY - THE FINAL ACT;;;;;;;
;GREEN, JANE - FALLING;;;;;;;
;GREEN, JANE - FAMILY PICTURES;;;;;;;
;GREEN, JOCELYN - BETWEEN THE SHORES;;;;;;;
;GREENWAY, ALICE  - THE BIRD SKINNER;;;;;;;
;GREGORY, PHILIPPA - EARTHLY JOYS;;;;;;;
;GREGORY, PHILIPPA - THE OTHER BOLEYN GIRL;;;;;;;
;GREGORY, PHILIPPA - THE QUEEN'S FOOL;;;;;;;
;GREGORY, PHILIPPA - THE RED QUEEN;;;;;;;
;GREGORY, PHILIPPA - TIDELANDS;;;;;;;
;GREGORY, PHILIPPA - VIRGIN EARTH;;;;;;;
;GREGSON, JULIA - EAST OF THE SUN;;;;;;;
;GREGSON, JULIA - JASMINE NIGHTS;;;;;;;
;GREGSON, JULIA - MONSOON SUMMER;;;;;;;
;GREIMAN, LOIS  - TAMING THE BARBARIAN;;;;;;;
;GREIMAN, LOIS - UNDER YOUR SPELL;;;;;;;
;GREYSON, CHRISTOPHER - THE GIRL WHO LIVED;;;;;;;
;GRIFFIN, LAURA - DEEP TIDE;;;;;;;
;GRIFFIN, LAURA - DESPERATE GIRLS;;;;;;;
;GRIFFIN, LAURA - EXPOSED;;;;;;;
;GRIFFIN, LAURA - FAR GONE;;;;;;;
;GRIFFIN, LAURA - FLIGHT;;;;;;;
;GRIFFIN, LAURA - MIDNIGHT DUNES;;;;;;;
;GRIFFIN, LAURA - STONE COLD HEART;;;;;;;
;GRIFFIN, LAURA - VANISHING HOUR;;;;;;;
;GRIFFIN, LAURA - WHISPER OF WARNIG;;;;;;;
;GRIFFIN, PAUL - ADRIFT;;;;;;;
;GRIFFITHS, ELLY - THE CHALK PIT;;;;;;;
;GRIFFITHS, ELLY - THE DARK ANGEL;;;;;;;
;GRIFFITHS, ELLY - THE OUTCAST DEAD;;;;;;;
;GRIFFITHS,ELLY - THE STONE CIRCLE;;;;;;;
;GRIMES, MARGARET - BELLA RUIN;;;;;;;
;GRISHAM, JOHN  - THE INNOCENT MAN;;;;;;;
;GRISHAM, JOHN - A TIME FOR MERCY;;;;;;;
;GRISHAM, JOHN - A TIME TO KILL;;;;;;;
;GRISHAM, JOHN - CAMINO ISLAND;;;;;;;
;GRISHAM, JOHN - ROGUE LAWYER;;;;;;;
;GRISHAM, JOHN - SKIPPING CHRISTMAS;;;;;;;
;GRISHAM, JOHN - THE ROOSTER BAR;;;;;;;
;GRISHAM, JOHN N- THE SUMMONS;;;;;;;
;GULLAND, SANDRA - MISTRESS OF THE SUN;;;;;;;
;GURAN, PAULA  - SEASON OF WONDER;;;;;;;
;GUTTERIDGE, DON - SOLEMN VOWS;;;;;;;
;GUTTERIDGE, DON - TURNCOAT;;;;;;;
;GUTTERIDGE, DON - VITAL SECRETS;;;;;;;
;GWIN, MIN ROSE - THE ACCIDENTALS;;;;;;;
;HADDAM, JANE - FLOWERING JUDAS;;;;;;;
;HADDIX, MARGARET PETERSON - SABOTAED (book 3);;;;;;;
;HAGE, RAVI - COCKROACH;;;;;;;
;HAIGH, JENNIFER - THE CONDITION;;;;;;;
;HALL, EMYLIA - THE BOOK OF SUMMERS;;;;;;;
;HALL, J.M. - A SPOONFUL OF MURDER;;;;;;;
;HALL, LISA - THE PERFECT COUPLE;;;;;;;
;HALL, TAMRON - AS THE WICKED WATCH;;;;;;;
;HALLE, KARINE - DISAVOW;;;;;;;
;HAMILTON, KAREN - THE LAST WIFE;;;;;;;
;HAMMERSFAHR, PETRA - THE SINNER;;;;;;;
;HAMMOND, DIANE - SEEING STARS;;;;;;;
;HAN, JENNY - WE'LL ALWAYS HAVE SUMMER;;;;;;;
;HANCOCOK, SHEILA - MRS. CARTER'S WAR;;;;;;;
;HANDY, CHRISSY WITH KATHRYN KNIGHT - SEDUCED BY A SOCIAPATH;;;;;;;
;HANNAH, MARI - SETTLED BLOOD;;;;;;;
;HANNAH, MARI - THE MURDER WALL;;;;;;;
;HANNAH, SOPHIE - AGATHA CHRISTIE - THE MYSTERY OF THREE QUARTERS;;;;;;;
;HANNON, IRENE - DEADLY PURSUIT;;;;;;;
;HARDING, FLORA - BEFORE THE CROWN;;;;;;;
;HARDING, FLORA - THE PEOPLES PRINCES;;;;;;;
;HARDING, ROBYN - THE ARRANGEMENT;;;;;;;
;HARMEL, KRISTIN - THE WINEMAKER'S WIFE;;;;;;;
;HARPER, KAREN - DARK ROAD HOME;;;;;;;
;HARPER, KAREN - THE QUEEN'S SECRET;;;;;;;
;HARRIS, ANSTEY - GOODBYE, PARIS;;;;;;;
;HARRIS, CHARLAINE - DEAD UNTIL DARK;;;;;;;
;HARRIS, CHARLAINE - MIDNIGHT CROSSROAD;;;;;;;
;HARRIS, JOANNE - GENTLEMEN AND PLAYERS;;;;;;;
;HARRIS, RUTH ELWIN - FRANCES' STORY;;;;;;;
;HARRIS, RUTH ELWIN - SARAH'S STORY;;;;;;;
;HART, CAROLYN - WALKING ON MY GRAVE;;;;;;;
;HART, ELLEN - A KILLING CURE;;;;;;;
;HATCHER, ROBIN LEE - FIT TO BE TIED;;;;;;;
;HAUTY, CHRIS - DEEP STATE;;;;;;;
;HAWKINS, KAREN - CAUGHT BY THE SCOT;;;;;;;
;HAWKINS, PAULA - THE GIRL ON THE TRAIN;;;;;;;
;HAWLEY, NOAH - BEFORE THE FALL;;;;;;;
;HAWLEY, NOAH - THE GOOD FATHER;;;;;;;
;HAWORTH, DENETTE - THE SUMMER OF MOONLIGHT SECRETS;;;;;;;
;HAYES, SAMANTHA - TELL ME A SECRET;;;;;;;
;HAYES, SAMANTHA - THE LIAR'S WIFE;;;;;;;
;HAYMORE, JENNIFER - THE SCOUNDREL'S SEDUCTION;;;;;;;
;HEALEY, EMMA - ELIZABETH  IS MISSING;;;;;;;
;HEALEY, JUDITH KOLL - THE REBEL PRINCESS;;;;;;;
;HEARNEY, KATIE & ARIANNA REBOLINI - PUBLIC RELATIONS;;;;;;;
;HEATH, LORRAINE - BETWEEN THE DEVIL AND DESIRE;;;;;;;
;HEATHERINGTON, EMMA - SECRETS IN THE SNOW;;;;;;;
;HEITZMANN, KRISTEN - THE BREATH OF DAWN;;;;;;;
;HELLER, MANDASUE - TAINTED LIVES;;;;;;;
;HELM, NICOLE - WYOMING COWBOY PROTECTION;;;;;;;
;HENDERSON, DEE - FULL DISCLOSURE;;;;;;;
;HENDRICKS, GREER & SARAH PEKKANEN - AN ANONYMOUS GIRL;;;;;;;
;HENRY, PATTI CALLAHAN - LOSING THE MOON;;;;;;;
;HENSHAW, MARK - THE FALL OF MOSCOW STATION;;;;;;;
;HERRIOT, JAMES - ALL THINGS BRIGHT AND B EAUTIFUL;;;;;;;
;HEYER, GEORGETTE  THE CONVENIENT MARRIAGE;;;;;;;
;HICKS, ROBERT - A SEPARATE COUNTRY;;;;;;;
;HICKS, ROBERT - THE ORPAHN MOTHER;;;;; ;;
;HICKSON, JOANNA - RED ROSE, WHITE ROSE;;;;;;;
;HIGASHINO, KEIGO - THE DEVOTION OF SUSPECT X;;;;;;;
;HIGGINS, JACK - BAD COMPANY;;;;;;;
;HIGGINS, KRISTAN - ALWAYS THE LAST TO KNOW;;;;;;;
;HILDEBRAND, ELIN - 28 SUMMERS;;;;;;;
;HILDEBRAND, ELIN - BEAUTIFUL DAY;;;;;;;
;HILDEBRAND, ELIN - SUMMERLAND;;;;;;;
;HILDEBRAND, ELIN - THE CASTAWAYS;;;;;;;
;HILDEBRAND, ELIN - WINTER STREET;;;;;;;
;HILDERBRAND, ELIN - SUMMER OF '69;;;;;;;
;HILDERBRAND, ELIN - THE PERFECT COUPLE;;;;;;;
;HILDERBRAND, ELIN - WINTER IN PARADISE;;;;;;;
;HILL, DONNA - CHANCES ARE;;;;;;;
;HILL, REGINALD - DEATH COMES FOR THE FAT MAN;;;;;;;
;HILTON, LISA - THE HOUSE WITH THE BLUE SHUTTERS;;;;;;;
;HITCHMAN, BEATRICE - ALL OF YOU EVERY SINGLE ONE;;;;;;;
;HJORTH & ROSENFELDT - THE MAN WHO WASN'T THERE;;;;;;;
;HOAG, TAMI - DEEPER THAN THE DEAD;;;;;;;
;HOAG, TAMI - KILL THE MESSENGER;;;;;;;
;HOAG, TAMI - SECRETS TO THE GRAVE;;;;;;;
;HOAG, TAMI - STILL WATERS;;;;;;;
;HOBBES, ELISABETH - THE SECRET AGENT;;;;;;;
;HOBBS, ROGER - GHOST MAN;;;;;;;
;HOGAN, FAITH - MY HUSBAND'S WIVES;;;;;;;
;HOKIN, CATHERINE - THE FORTUNATE ONES;;;;;;;
;HOLDEN, WENDY - BEAUTIFUL PEOPLE;;;;;;;
;HOLEMAN, LINDA - IN A FAR COUNTRY;;;;;;;
;HOOPER, KAY  - HUNGTING FEAR;;;;;;;
;HOOPER, KAY - A DEADLY WEB;;;;;;;
;HOOPER, KAY - THE FIRST PROPHET;;;;;;;
;HOPE, ANN - A WAR TIME NURSE;;;;;;;
;HOPE, ANNA - WAKE;;;;;;;
;HORAN, NANCY - UNDER THE WILD AND STARRY SKY;;;;;;;
;HOURICAN, EMILY - THE GLORIOUS GUINESS GIRLS;;;;;;;
;HOWARD, LESLIE - THE BRIDESHSIP WIFE;;;;;;;
;HOWARD, LINDA  - DYING TO PLEASE;;;;;;;
;HOWARD, LINDA - COVER OF NIGHT;;;;;;;
;HOWARD, LINDA - SHADOW WOMAN;;;;;;;
;HOWARD, LINDA & LINDA JONES - AFTER SUNDOWN;;;;;;;
;HOWARD, LINDA & LINDA JONES - RUNNING WILD;;;;;;;
;HOWATCH, SUSAN - GLITTERING IMAGES;;;;;;;
;HOWELLS, DEBBIE - PART OF THE SILENCE;;;;;;;
;HOZAR, NAZANINE - ARIA;;;;;;;
;HUBBARD, MANDY - EVERYTHING BUT THE TRUTH;;;;;;;
;HUGHES, ANITA - FRENCH COAST;;;;;;;
;HUGHES, ANITA - ISLAND IN THE SEA;;;;;;;
;HUMPHREYS, C.C. - CHASING THE WIND;;;;;;;
;HUNTER, STEPHEN - I, RIPPER;;;;;;;
;HUNTING, HELENA - SHACKING UP;;;;;;;
;HURLEY, GRAHAM - WESTERN APPROACHES;;;;;;;
;HUSER, GLEN - THE RUNAWAY;;;;;;;
;HUSTON, JAMES W. - SECRET JUSTICE;;;;;;;
;HYLAND, TARA - DAUGHTERS OF FORTUNE;;;;;;;
;IGHODARO, AITA - SIN TROPEZ;;;;;;;
;INDRIDASON, ARNALDUR - THE SHADOW KILLER;;;;;;;
;IRELAND, JOHN WESLEY - BROWN GIRLS;;;;;;;
;IRVIN, KELLY - OVER THE LINE;;;;;;;
;IRWIN, RON - FLAT WATER TUESDAY;;;;;;;
;ISAACS, SUSAN - LONG TIME NO SEE;;;;;;;
;ISHIGURO, KAZUO - THE BURIED GIANT;;;;;;;
;IVY, ALEXANDRA - FACELESS;;;;;;;
;JACKSON, BRENDA - FORGET ME NOT;;;;;;;
;JACKSON, LISA  - CONFESSIONS;;;;;;;
;JACKSON, LISA - ALMOST DEAD;;;;;;;
;JACKSON, LISA - CHOSEN TO DIE;;;;;;;
;JACKSON, LISA - ENVIOUS;;;;;;;
;JACKSON, LISA - LOST SOULS;;;;;;;
;JACKSON, LISA - ONE LAST BREATH;;;;;;;
;JACKSON, LISA - PARANOID;;;;;;;
;JACKSON, LISA - RUNNING SCARED;;;;;;;
;JACKSON, LISA - THE MORNING AFTER;;;;;;;
;JACKSON, LISA - YOU WILL PAY;;;;;;;
;JACKSON, LISA & NANCY BUSH - LAST GIRL STANDING;;;;;;;
;JACKSON, LISA & NANCY BUSH - ONE LAST BREATH;;;;;;;
;JACKSON, LISA & NANCY BUSH - SOMETHING WICKED;;;;;;;
;JACKSON, LISA & NANCY BUSH - WICKED WAYS;;;;;;;
;JACKSON, LISA, NANCY BUSH & ROSALIND NOONAN - SINISTER;;;;;;;
;JACKSON, LISA,ELIZABETH BASS, MARY CARTER, HOLLY CHAMBERLAIN-SUMMER DAYS;;;;;;;
;JAEGER, MEREDITH - THE PILOT'S DAUGHTER;;;;;;;
;JAKEMAN, JO - WHAT HIS WIFE KNEW;;;;;;;
;JAMES, DAISY  WEDDING BELLS AT VILLA LIMONCELLO;;;;;;;
;JAMES, E L - FIFTY SHADES DARKER;;;;;;;
;JAMES, JULIE - ABOUT THAT NIGHT;;;;;;;
;JAMES, JULIE - PRACTICE MAKES PERFECT;;;;;;;
;JAMES, LORELEI - BOUND;;;;;;;
;JAMES, LORELEI - WHAT YOU NEED;;;;;;;
;JAMES, STEVEN - THE BISHOP;;;;;;;
;JAMES. P.D.  - THE LIGHTHOUSE;;;;;;;
;JANCE, J.A. - PARTNER IN CRIME;;;;;;;
;JANCE, J.A. - PROOF OF LIVE;;;;;;;
;JANCE, J.A. - TRIAL BY FIRE;;;;;;;
;JANOWITZ, BRENDA - THE LIZ TAYLOR RING;;;;;;;
;JANSSON, SUSANNE - THE FORBIDDEN PLACE;;;;;;;
;JARVIS, LISA - STARTING OVER;;;;;;;
;JEMISIN, N.K.  - THE CITY WE BECAME;;;;;;;
;JENNINGS, AMANDA - THE CLIFF HOUSE;;;;;;;
;JENNINGS, ELIZABETH - SHADOWS AT MIDNIGHT;;;;;;;
;JENNINGS, MAUREEN  - NO KNOWN GRAVE;;;;;;;
;JENOFF, PAM - THE AMBASSADOR'S DAUGHTER;;;;;;;
;JENSEN, LOUISE - THE STOLEN SISTERS;;;;;;;
;JOEL, ALEXANDRA - THE PARIS MODEL;;;;;;;
;JOHANSEN, IRIS - MIND GAMES;;;;;;;
;JOHANSEN, IRIS - QUINN;;;;;;;
;JOHANSEN, IRIS & ROY JOHANSEN - DOUBLE BLIND;;;;;;;
;JOHANSEN, IRIS & ROY JOHANSEN - SIGHT UNSEEN;;;;;;;
;JOHANSEN, IRIS & ROY JOHANSEN - SILENT THUNDER;;;;;;;
;JOHNSON, CHRISTINE  - HONOR REDEEMED;;;;;;;
;JOHNSON, ELANA - ABANDON;;;;;;;
;JOHNSON, JANE - COURT OF LIONS;;;;;;;
;JOHNSON, SUSAN - SEDUCTIVE AS FLAME;;;;;;;
;JOHNSTON, JOAN - A DANGEROUS GAME;;;;;;;
;JOHNSTON, JOAN - NO LONGER A STRANGER;;;;;;;
;JOHNSTON, JOAN - SURRENDER;;;;;;;
;JOHNSTON, JOAN - THE PRICE;;;;;;;
;JOHNSTONE, WILLIAM W.  -LIVE BY THE EST, DIE BY THE WEST;;;;;;;
;JOHNSTONE, WILLIAM W. - A JENSEN FAMILY CHRISTMAS;;;;;;;
;JOHNSTONE, WILLIAM W. - A MacCALLISTER CHRISTMAS;;;;;;;
;JOHNSTONE, WILLIAM W. - BULLETS DON'T ARGUE;;;;;;;
;JOHNSTONE, WILLIAM W. - PRAY FOR DEATH;;;;;;;
;JOHNSTONE, WILLIAM W. - SHOT TO HELL;;;;;;;
;JONASSON, JONAS - SWEET SWEET REVENGE LTD.;;;;;;;
;JONASSON, RAGNAR - BLACK OUT;;;;;;;
;JONES, JENNIE - A PLACE WITH HEART;;;;;;;
;JONES, JILL - REMEMBER YOUR LIES;;;;;;;
;JONES, LESLIE - BAIT(Book 2);;;;;;;
;JONES, LESLIE - DEEP COVER;;;;;;;
;JONES, LESLIE - FRAMED (Duty & Honor Book Four);;;;;;;
;JONES, LESLIE - NGHT HUSH;;;;;;;
;JONES, LISA RENEE - I BELONG TO YOU ;;;;;;;
;JONES, LISA RENEE - TANGLED UP IN CHRISTMAS;;;;;;;
;JONES, SADIE - SMALL WARS;;;;;;;
;JORDAN, ROBERT - A CLOWN OF SWORDS;;;;;;;
;JORDAN, ROBERT - THE GREAT HUNT;;;;;;;
;JORDAN, SOPHIE - BEAUTIFUL SINNER;;;;;;;
;JOYCE, RACHEL - PERFECT;;;;;;;
;KAABERBOL, LENE & AGNETE FRIIS - DEATH OF A NIGHTINGALE;;;;;;;
;KANE, ANDREA - TWISTED;;;;;;;
;KANE, DARBY - THE LAST INVITATION;;;;;;;
;KARA, LESLEY - THE RUMOR;;;;;;;
;KARGMAN, JILL - ARM CANDY;;;;;;;
;KARON, JAN - A COMMON LIFE;;;;;;;
;KARON, JAN - A LIGHT IN THE WINDOW;;;;;;;
;KARON, JAN - A NEW SONG;;;;;;;
;KARON, JAN - AT HOME IN MITFORD;;;;;;;
;KARON, JAN - HOME TO HOLLY SPRINGS;;;;;;;
;KARON, JAN - IN THE COMPANY OF OTHERS;;;;;;;
;KARON, JAN - IN THIS MOUNTAIN;;;;;;;
;KARON, JAN - LIGHT FROM HEAVEN;;;;;;;
;KARON, JAN - OUT TO CANAAN;;;;;;;
;KARON, JAN - SHEPHERDS ABIDING;;;;;;;
;KARON, JAN - SOMEWHERE SOFT WITH SOMEBODY GOOD;;;;;;;
;KARON, JAN - THESE HIGH GREEN HILLS;;;;;;;
;KARON, JAN - TO BE WHERE YOU ARE;;;;;;;
;KARON, JAN -COME RAIN OR COME SHINE;;;;;;;
;KAY, ELIZABETH - SEVEN LIES;;;;;;;
;KEALEY, IMOGEN - LIBERATION;;;;;;;
;KEANE, JESSIE - JAIL BIRD;;;;;;;
;KEARSLEY, SUSAN  - THE WONDER SON;;;;;;;
;KEITH, ELLEN - THE DUTCH WIFE;;;;;;;
;KELLER, JULIA - LAST RAGGED BREATH;;;;;;;
;KELLERMAN, FAYE - BONE BOX;;;;;;;
;KELLERMAN, JONATHAN - A COLD HEART;;;;;;;
;KELLERMAN, JONATHAN - BAD LOVE;;;;;;;
;KELLERMAN, JONATHAN - BREAKDOWN;;;;;;;
;KELLERMAN, JONATHAN - DECEPTION;;;;;;;
;KELLERMAN, JONATHAN - DR. DEATH;;;;;;;
;KELLERMAN, JONATHAN - EVIDENCE;;;;;;;
;KELLERMAN, JONATHAN - GUILT;;;;;;;
;KELLERMAN, JONATHAN - HEARTBREAK HOTEL;;;;;;;
;KELLERMAN, JONATHAN - NIGHT MOVES;;;;;;;
;KELLY, CATHY - JUST BETWEEN US;;;;;;;
;KELLY, CATHY - THE HONEY QUEEN;;;;;;;
;KELLY, CHRISTINE - GOOD KARMA;;;;;;;
;KELLY, LESLIE A. - NOWHERE TO HIDE;;;;;;;
;KELLY, SIMONE - LIKE A FLY ON THE WALL;;;;;;;
;KENDAL, CLAIRE - I SPY;;;;;;;
;KENNEDY, KRIS - DEFIANT;;;;;;;
;KENT, CHRISTOBEL - THE LOVING HUSBAND;;;;;;;
;KENT, SERENT - DEATH IN AVIGNON;;;;;;;
;KEPLER, LARS - LAZARUS;;;;;;;
;KERNICK, SIMON - THE HANGED MAN;;;;;;;
;KERY, BETH - ONLY FOR YOU;;;;;;;
;KESSLER, KATE - CALL OF VULTURES;;;;;;;
;KEYES, MARIAN - ANYBODY OUT THERE;;;;;;;
;KEYES, MARIAN - GTHE WOMAN WHO STOLE MY LIFE;;;;;;;
;KEYES, MARIAN - LAST CHANCE SALOON;;;;;;;
;KEYES, MARIAN - THE BRIGHTEST STAR IN THE SKY;;;;;;;
;KHOURY, RAYMOND - THE DEVIL'S ELIXIR;;;;;;;
;KHOURY, RAYMOND - THE TEMPLAR SALVATION;;;;;;;
;KIMM, GABRIELLE - THE COURTESAN LOVER;;;;;;;
;KINGSBURY. KAREN - LOVING;;;;;;;
;KINSELLA, SOPHIE - CAN YOU KEEP A SECRET;;;;;;;
;KINSELLA, SOPHIE - CONFESSIONS OF A SHOPAHOLIC;;;;;;;
;KINSELLA, SOPHIE - I OWE YOU ONE;;;;;;;
;KINSELLA, SOPHIE - I'VE GOT YOUR NUMBER;;;;;;;
;KINSELLA, SOPHIE - MNI SHOPAHOLIC;;;;;;;
;KINSELLA, SOPHIE - REMEMBER ME?;;;;;;;
;KINSELLA, SOPHIE - SHOPAHOLIC & SISTER;;;;;;;
;KINSELLA, SOPHIE - SHOPAHOLIC TAKES MANHATTAN;;;;;;;
;KINSELLA, SOPHIE - SHOPAHOLIC TIES THE KNOT;;;;;;;
;KINSELLA, SOPHIE - SHOPAHOLIC TO THE RESUCE;;;;;;;
;KINSELLA, SOPHIE - SHOPAHOLIC TO THE STARS;;;;;;;
;KINSELLA, SOPHIE - THE UNDOMESTIC GODDESS;;;;;;;
;KINSELLA, SOPHIE - WEDDING NIGHT;;;;;;;
;KLAUSSMAN, LIZA -TIGERS IN RED FEATHERS;;;;;;;
;KLAUSSMANN, LISA - VILLA AMERICA;;;;;;;
;KLEYPAS, LISA - A SEASON FOR LOVE;;;;;;;
;KLEYPAS, LISA - BROWN EYED GIRL;;;;;;;
;KLEYPAS, LISA - DREAM LAKE;;;;;;;
;KLEYPAS, LISA - LADY SOPHIA'S LOVER ;;;;;;;
;KLISE, KATE - IN THE BAG;;;;;;;
;KNIGHT, RENEE - THE SECRETARY;;;;;;;
;KNOLL, JESSICA - THE FAVORITE SISTER;;;;;;;
;KOONTZ, DEAN - DARK FALL;;;;;;;
;KOONTZ, DEAN - ODD THOMAS;;;;;;;
;KOONTZ, DEAN - ONE DOOR AWAY FROM HEAVEN;;;;;;;
;KOONTZ, DEAN - RELENTLESS;;;;;;;
;KOONTZ, DEAN - STRANGE HIGHWAYS;;;;;;;
;KOONTZ, DEAN - THE CITY;;;;;;;
;KOONTZ, DEAN - YOUR HEART BELONGS TO ME;;;;;;;
;KOPE, SPENCER  - COLLECTING THE DEAD;;;;;;;
;KOPP, NANCY - ABSENT WITNESS;;;;;;;
;KORYTA, MICHAEL - LAST WORDS;;;;;;;
;KRANTZ, JUDITH - TILL WE MEET AGAIN;;;;;;;
;KRENTZ, JAYNE ANN  - RUNNING HOT;;;;;;;
;KRENTZ, JAYNE ANN - ALL NIGHT LONG;;;;;;;
;KRENTZ, JAYNE ANN - DAWN IN ECLIPSE BAY;;;;;;;
;KRENTZ, JAYNE ANN - DEEP WATERS;;;;;;;
;KRENTZ, JAYNE ANN - EYE OF THE BEHOLDER;;;;;;;
;KRENTZ, JAYNE ANN - FALLING AWAY;;;;;;;
;KRENTZ, JAYNE ANN - FIRED UP;;;;;;;
;KRENTZ, JAYNE ANN - GRAND PASSION;;;;;;;
;KRENTZ, JAYNE ANN - IN TOO DEEP;;;;;;;
;KRENTZ, JAYNE ANN - JOY;;;;;;;
;KRENTZ, JAYNE ANN - LIGHT IN SHADOW;;;;;;;
;KRENTZ, JAYNE ANN - LOST & FOUND;;;;;;;
;KRENTZ, JAYNE ANN - SMOKE IN MIRRORS;;;;;;;
;KRENTZ, JAYNE ANN - SUMMER IN ECLIPSE BAY;;;;;;;
;KRENTZ, JAYNE ANN - THE VANISHING;;;;;;;
;KRENTZ, JAYNE ANN - TRUTH OR DARE;;;;;;;
;KRENTZ, JAYNE ANN - WHEN ALL THE GIRLS HAVE GONE;;;;;;;
;KRENTZ, JAYNE ANN - WHITE LIES;;;;;;;
;KRENTZ, JAYNE ANN (writing as Jayne Castle) - THE LOST NIGHT;;;;;;;
;KRIST, GREY - BAD CHEMISTRY;;;;;;;
;KRIVAK, ANDREW - THE SOJOURN;;;;;;;
;KUBICA, MARY - THE OTHER MRS.;;;;;;;
;KUHN, WILLIAM - MRS QUEEN TAKES THE TRAIN;;;;;;;
;KURLAN, VERA - NEVER SAW ME COMING;;;;;;;
;KUTSUKAKE, LYNNE - THE TRANSLATION OF LOVE;;;;;;;
;KWAN, KEVIN - CHINA RICH GIRLFRIEND;;; ;;;;
;KWOK, JEAN - GIRL IN TRANSLATION;;;;;;;
;KYLE, BARBARA - THE QUEEN'S LADY;;;;;;;
;KYLE, C.T. - SILENT NIGHT;;;;;;;
;LA PLANTE, LYNDA - CLEAN CUT;;;;;;;
;LACKBERG, CAMILLA - THE DROWNING;;;;;;;
;LACKBERG, CAMILLA - THE GILDED CAGE;;;;;;;
;LACKBERG, CAMILLA - THE LOST BOY;;;;;;;
;LACKBERY, CAMILLA - SILVER TEARS;;;;;;;
;LADD, SARAH E. - THE LETTER FROM BRIARTON PARK; ;;;;;;
;LAGERCRANTZ, DAVID - THE GIRL IN THE SPIDER'S WEB;;;;;;;
;LAKE, ALEX - THE CHOICE;;;;;;;
;LANE, SORAYA - THE SPITFIRE GIRLS;;;;;;;
;LANG, EMMA - MATTHEW;;;;;;;
;LANSENS, LORI   - THIS LITTLE LIGHT;;;;;;;
;LAPENA, SHARI - AN UNWANTED GUEST;;;;;;;
;LAPENA, SHARI - THE END OF HER;;;;;;;
;LARSEN, WARD - ASSASSIN'S RUN;;;;;;;
;LARSEN, WARD - ASSASSIN'S STRIKE;;;;;;;
;LARSSON, ASA - THE SECOND DEADLY SIN;;;;;;;
;LARSSON, STIEG - THE GIRL WHO PLAYED WITH FIRE;;;;;;;
;LAURENCE, MARGARET - A BIRD IN THE HOUSE;;;;;;;
;LAURIN, NINA - THE STARTER WIFE;;;;;;;
;LAW, CATHERINE - THE FIRST DANCE;;;;;;;
;LAWRENCE, D.H. - WOMEN IN LOVE;;;;;;;
;LAWSON, MARY - THE OTHER SIDE OF THE BRIDGE;;;;;;;
;LEA, ZOE  - IF HE WAKES;;;;;;;
;LEAV, LANG - SAD GIRLS;;;;;;;
;LEE, JANICE Y.K. - THE EXPATRIATES;;;;;;;
;LEE, MAUREEN - LIME STREET BLUES;;;;;;;
;LEE, MAUREEN - THROUGH THE STORM;;;;;;;
;LEE, RACHEL  THE HUNTED;;;;;;;
;LEFFLER, MAGGIE - THE SECRETS OF FLIGHT;;;;;;;
;LEHANE, DENNIS - SACRED;;;;;;;
;LEIGH, LIS - GREED;;;;;;;
;LEIGH, LORA - TAKEN;;;;;;;
;LEIGH, LORA - ULTIMATE SINS;;;;;;;
;LEMAITRE, PEIRRE - CAMILLE;;;;;;;
;LEMAITRE, PIERRE - ALEX;;;;;;;
;LEMAITRE, PIERRE - IRENE;;;;;;;
;LEPIONKA, KRISTEN - THE STORIES YOU TELL;;;;;;;
;LETO, JULIE - DIRTY LITTLE SECRETS;;;;;;;
;LEVENS,  LOIS - JULIET'S NURSE;;;;;;;
;LEVIN, DANIEL - THE LAST EMBER;;;;;;;
;LEWIS, BEVERLY - THE SHUNNING;;;;;;;
;LEWIS, SUSAN - BELIEVE IN ME;;;;;;;
;LEWIS, SUSAN - NEVER SAY GOODBYE;;;;;;;
;LIND, HAILEY - SHOOTING GALLERY;;;;;;;
;LINDSEY, JOHANNA     - ONE HEART TO WIN;;;;;;;
;LINDSEY, JOHANNA     - SURRENDER MY LOVE;;;;;;;
;LINDSEY, JOHANNA   - WHEN PASSION RULES;;;;;;;
;LINDSEY, JOHANNA  - BEAUTIFUL TEMPEST;;;;;;;
;LINDSEY, JOHANNA  - TENDER IS THE STORM;;;;;;;
;LINDSEY, JOHANNA - A LOVING SCOUNDREL;;;;;;;
;LINDSEY, JOHANNA - BRAVE THE WILD WIND;;;;;;;
;LINDSEY, JOHANNA - HEART WARRIOR;;;;;;;
;LINDSEY, JOHANNA - LOVE ME FOREVER;;;;;;;
;LINDSEY, JOHANNA - MAKE ME LOVE YOU;;;;;;;
;LINDSEY, JOHANNA - SECRET FIRE;;;;;;;
;LINDSEY, JOHANNA - SO SPEAKS THE HEART;;;;;;;
;LINDSEY, JOHANNA - STORMY PERSUASION;;;;;;;
;LINDSEY, JOHANNA - SURRENDER MY LOVE;;;;;;;
;LINDSEY, JOHANNA - THE HOLIDAY PRESENT;;;;;;;
;LINDSEY, JOHANNA - THE PERFECT SOMEONE;;;;;;;
;LINDSEY, JOHANNA - WILD FIRE IN HIS ARMS;;;;;;;
;LINDSEY, SARA - PROMISE ME TONIGHT;;;;;;;
;LINDSKOLD, JANE - THROUGH WOLF'S EYES;;;;;;;
;LIPPMAN, LAURA - HARDLEY KNEW HER;;;;;;;
;LISS, DAVID - THE TWELFTH ENCHANTMENT;;;;;;;
;LLEWELLYN, JULIA - THE MODEL WIFE;;;;;;;
;LLOYD, SAM - THE MEMORY WOOD;;;;;;;
;LLOYD, SAM - THE RISING TIDE;;;;;;;
;LOCKE, ATTICA - THE CUTTING SEASON;;;;;;;
;LODGE, GYTHA - LIE BESIDE ME;;;;;;;
;LOKKO, LESLEY - AN ABSOLUTE DECEPTION;;;;;;;
;LOKKO, LESLEY - IN LOVE AND WAR;;;;;;;
;LOKKO, LESLEY - LITTLE WHITE LIES;;;;;;;
;LOKKO, LESLEY - SUNDOWNERS;;;;;;;
;LONDON, JULIA - A LIGHT AT WINTER'S END;;;;;;;
;LONDON, JULIA - A ROYAL KISS & TELL;;;;;;;
;LONDON, STEFANIE - THE AUSSIE NEXT DOOR;;;;;;;
;LOREN, RONI - THE ONE FOR YOU;;;;;;;
;LOWE, FIONA - RUNAWAY GROOM;;;;;;;
;LOWELL, ELIZABETH - ALWAYS TIME TO DIE;;;;;;;
;LOWELL, ELIZABETH - RUNNING SCARED;;;;;;;
;LUDLUM, ROBERT - THE SCARLATTI INHERITANCE;;;;;;;
;LUPTON, ROSAMUND - SISTER;;;;;;;
;LYNDS, GAYLE - THE COIL;;;;;;;
;MAAS, SHARON - THE SOLDIER GIRL;;;;;;;
;MACBRIDE, STUART - THE COFFIN MAKER'S GARDEN;;;        ;;;;
;MacBRIDE, STUART B. - HALFHEAD;;;;;;;
;MacDONALD, MALCOLM - THE RICH ARE WITH YOU ALWAYS;;;;;;;
;MacDONALD, PATRICIA - LOST INNOCENTS;;;;;;;
;MACKENZIE, SARAH - FRIENDS LIKE US;;;;;;;
;MACKIN, JEANNE - THE LAST COLLECTION;;;;;;;
;MACKINTOSH, CLARE - I LET YOU GO;;;;;;;
;MACKINTOSH, CLARE - I SEE YOU;;;;;;;
;MACLEAN, ALISTAIR - BEAR ISLAND;;;;;;;
;MACMILLAN, GILLY - ODD CHILD OUT;;;;;;;
;MACMILLAN, GILLY - THE NANNY;;;;;;;
;MACMILLAN, GILLY - THE PERFECT GIRL;;;;;;;
;MacNISH, TRACY - VEILED PASSIONS;;;;;;;
;MACOMBER, DEBBIE - NAVY BRIDES;;;;;;;
;MACOMBER, DEBBIE - SILVER LININGS;;;;;;;
;MACOMBER, DEBBIE - TEXAS SKIES;;;;;;;
;MACY, CAITLIN - MRS.;;;;;;;
;MAGUIRE, GREGORY - THE NEXT QUEEN OF HEAVEN;;;;;;;
;MAH, ANN - THE LOST VINTAGE;;;;;;;
;MAKSIK, ALEXANDER - A MARKER TO MEASURE DRIFT;;;;;;;
;MALLERY, SUSAN - BEFORE WE KISS;;;;;;;
;MALLERY, SUSAN - CHASING PERFECT;;;;;;;
;MALLERY, SUSAN - COMPLETELY SMITTEN;;;;;;;
;MALLERY, SUSAN - JUST ONE KISS;;;;;;;
;MALLERY, SUSAN - SISTERS LIKE US;;;;;;;
;MALLERY, SUSAN - SUMMER DAYS;;;;;;;
;MALLERY, SUSAN - THE STEPSISTERS;;;;;;;
;MALLERY, SUSAN - THRILL ME;;;;;;;
;MALLERY, SUSAN - WHEN WE MET;;;;;;;
;MALLERY, SUSAN -THREE LITTLE WORDS;;;;;;;
;MALPAS, JODI ELLEN - ONE NIGHT DENIED;;;;;;;
;MALPAS, JODI ELLEN - THIS MAN CONFESSED;;;;;;;
;MANGUM, ERYNN - MISS MATCH;;;;;;;
;MANNING, KIRSTY - THE FRENCH GIFT;;;;;;;
;MANNING, SARRA - UNSTICKY;;;;;;;
;MANTEL, HILARY - BRING UP THE BODIES;;;;;;;
;MARGOLIN, PHILLIP - VIOLENT CRIMES;;;;;;;
;MARK, MARY - SOMETHING'S KNOT KOSHER ;;;;;;;
;MARQUEZ, GABRIEL GARCIA - ONE HUNDRED YEARS OF SOLITUDE;;;;;;;
;MARSH, NICOLA - THE SCANDAL;;;;;;;
;MARSONS, ANGELA - SILENT SCREAM;;;;;;;
;MARTIN, KAT - THE DREAM ;;;;;;;
;MARTIN, KAT - THE LAST MILE;;;;;;;
;MASCO, MAISIE - BETWEEN TWO WORLDS;;;;;;;
;MASON, CONNIE WITH MIA MARLOWE - SINS OF THE HIGHLANDER;;;;;;;
;MASON, DEBBIE -BAREFOOT BEACH;;;;;;;
;MASON, RICHARD - NATURAL ELEMENTS;;;;;;;
;MASON, SUSAN ANNE - IRISH MEADOWS;;;;;;;
;MASSEY, SUJATA - THE WIDOWS OF MALABAR HALL;;;;;;;
;MATSON, MORGAN - SINCE YOU'VE BEEN GONE;;;;;;;
;MAYES, FRANCES - WOMEN IN SUNLIGHT;;;;;;;
;MAYLE, PETER - A DOG'S LIFE;;;;;;;
;McALLISTER, GILLIAN - ANYTHING YOU DO SAY;;;;;;;
;McALLISTER, GILLIAN - THE GOOD SISTER;;;;;;;
;McBRIDE, EIMEAR - THE LESSER BOHEMIANS;;;;;;;
;McCARTHY, AVA - THE INSIDER;;;;;;;
;McCARTY, SARAH - SAM'S CREED;;;;;;;
;McCAULEY, STEPHEN - MY EX-LIFE;;;;;;;
;McCLAIN, LEE TOBIN - THE FOREVER FARMHOUSE;;;;;;;
;McCREIGHT, KIMBERLY - RECONSTRUCTING AMELIA;;;;;;;
;McCULLOUGH, COLLEEN - BITTERSWEET;;;;;;;
;McCULLOUGH, COLLEEN - THE INDEPENDENCE OF MISS MARY BENNETT;;;;;;;
;McELWAIN, JULIE - I MURDER IN TIME;;;;;;;
;McFADDEN, FREIDA - THE EX;;;;;;;
;McFARLANE, MHARI  - DON'T YOU FORGET ABOUT ME;;;;;;;
;McGRATH, M.J. - WHITE HEAT;;;;;;;
;McGRATH, MEL - THE GUILTY PARTY;;;;;;;
;McGRAW, CHANDLER, - NIGHT TERROR;;;;;;;
;McGUIRE, JAMIE - BEAUTIFUL OBLIVION;;;;;;;
;MCHUGH, CRISTA - A SEDUCTIVE MELODY;;;;;;;
;McHUGH, LAURA - THE WEIGHT OF BLOOD;;;;;;;
;McINNIS, SHERI - DEVIL MAY CARE;;;;;;;
;McKAY, AMI - THE BIRTH HOUSE;;;;;;;
;McKAY, AMI - VIRGIN CURE;;;;;;;
;McKENNA, SHANNON - FATAL STRIKE;;;;;;;
;McLACHLIN, BEVERLEY - FULL DISCLOSURE;;;;;;;
;McLAIN, PAULA - LOVE AND RUIN;;;;;;;
;McLAUGHLIN, NICOLE - MAYBE FOR YOU;;;;;;;
;McLAUGHLIN, NICOLE - MAYBE I DO;;;;;;;
;McLAUGHLIN, NICOLE - MAYBE THIS TIME;;;;;;;
;McLEAN, STUART - EXTREME VINYL CAFE;;;;;;;
;McLEAN, STUART - REVENGE OF THE VINYL CAFE;;;;;;;
;McLEAN, STUART - THE MORNINGSIDE WORLD;;;;;;;
;McLEAN, STUART - WHEN WE WERE YOUNG;;;;;;;
;McLUAGHLIN, BEVERLEY - DENIAL;;;;;;;
;McMILLAN, RACHEL - THE LONDON RESTORATION;;;;;;;
;McMORRIS, KRISTINA - BRIDGE OF SCARLET LEAVES;;;;;;;
;McVEIGH, JENNIFER  - THE FEVER TREE;;;;;;;
;MEDEIROS, TERESA - THE PLEASURE OF YOUR KISS;;;;;;;
;MEDOFF, JILLIAN - THIS COULD HURT;;;;;;;
;MELTON, MARLISS - HOT TARGET;;;;;;;
;MERRITT, STEPHANIE - WHILE YOU SLEEP SOMEONE'S WATCHING;;;;;;;
;MESSINEO, TERESA - THE FIRE BY NIGHT;;;;;;;
;MESSUD, CLAIRE - THE EMPEROR'S CHILDREN;;;;;;;
;MEYER, STEPHENIE - ECLIPSE;;;;;;;
;MEYER, STEPHENIE - NEW MOON;;;;;;;
;MEYER, STEPHENIE - THE HOST;;;;;;;
;MEYERSON, AMY - THE BOOKSHOP OF YESTERDAYS;;;;;;;
;MICHAELS , FERN - DESPERATE MEASURES;;;;;;;
;MICHAELS, FERN -  SAFE AND SOUND;;;;;;;
;MICHAELS, FERN - FATE & FORTUNE;;;;;;;
;MICHAELS, FERN - NO WAY OUT;;;;;;;
;MICHAELS, FERN - PAYBACK;;;;;;;
;MICHAELS, FERN - SANTA CRUISE;;;;;;;
;MICHAELS, FERN - SECRETS;;;;;;;
;MICHAELS, FERN - SPIRIT OF THE SEASON;;;;;;;
;MICHAELS, FERN - THE GUEST LIST;;;;;;;
;MICHAELS, FERN - THE NOSY NEIGHBOR;;;;;;;
;MICHAELS, FERN- HEY, GOOD LOOKING;;;;;;;
;MICHAELS, FERN, DONA KAUFFMAN & MELISSA STORM -HOME SWEET HOME;;;;;;;
;MICHAELS,FERN,NANCY BUSH, ROSANNA CHIOFALO, LIN STEPP-WHEN THE SNOW FALLS;;;;;;;
;MICHENER, JAMES A.  - TEXAS;;;;;;;
;MILLER, KRISTIN  - IN HER SHADOW;;;;;;;
;MILLER, LINDA LAEL - ARIZONA WILD;;;;;;;
;MILLER, LINDA LAEL - DEADLY GAMBLE;;;;;;;
;MILLER, LINDA LAEL - MONTANA CREEDS - LOGAN;;;;;;;
;MILLER, LINDA LAEL - MONTANA CREEDS - TYLER;;;;;;;
;MILLER, LINDA LAEL - ONCE A RANCHER;;;;;;;
;MILLER, SERENA - FEARLESS HOPE;;;;;;;
;MILLER, SUE - LOST IN THE FOREST;;;;;;;
;MILNER, DONNA - THE PROMISE OF RAIN;;;;;;;
;MIRANDA, MEGAN - THE GIRL FROM WIDOW HILLS;;;;;;;
;MIRANDA, MEGAN - THE LAST HOUSE GUEST;;;;;;;
;MIRANDA, MEGAN - THE PERFECT STRANGER;;;;;;;
;MISRA, JAISHREE - SECRETS & LIES;;;;;;;
;MISS READ  - FAIRACRE AFFAIRS;;;;;;;
;MITCHELL, W.O. - WHO HAS SEEN THE WIND;;;;;;;
;MLYNOWSKI, SARAH - GIMME A CALL;;;;;;;
;MOFFETT, HELEN - CHARLOTTE;;;;;;;
;MOLLOY, AIMEE - THE PERFECT MOTHER;;;;;;;
;MONAGHAN, DAMHNAILT - NEW GIRL IN LITTLE COVE;;;;;;;
;MONROE, LUCY, JAMIE DENTION, ELISABETH NAUGHTON-BODYGUARDS IN BED;;;;;;;
;MONROE, MARY ALICE - THE SUMMER GIRLS;;;;;;;
;MONTEFIORE, SANTA - HERE AND NOW;;;;;;;
;MONTEFIORE, SANTA - PERFECT HAPPINESS;;;;;;;
;MONTEFIORE, SANTA - SECRETS OF THE LIGHTHOUSE;;;;;;;
;MONTEFIORE, SANTA - SONGS OF LOVE AND WAR;;;;;;;
;MONTEFIORE, SANTA - THE AFFAIR;;;;;;;
;MONTEFIORE, SANTA - THE DAUGHTERS OF IRELAND;;;;;;;
;MONTEFIORE, SANTA - THE SECRET HOURS;;;;;;;
;MONTEFIORE, SANTA - THE TEMPTATION OF GRACIE;;;;;;;
;MONTEFIORE, SANTA -THE LAST SECRET OF THE DEVERILLS;;;;;;;
;MONTGOMERY, HUGH - CONTROL;;;;;;;
;MOORCROFT, SUE - A SUMMER TO REMEMBER;;;;;;;
;MOORCROFT, SUE - THE CHRISTMAS PROMISE;;;;;;;
;MOORE, LISA - FEBRUARY ;;;;;;;
;MOORE, TARA - RSVP;;;;;;;
;MORGAN, ANN - BESIDE MYSELF;;;;;;;
;MORGAN, KASS - THE 100;;;;;;;
;MORGAN, KASS - THE 100 DAY 21;;;;;;;
;MORGAN, KASS - THE 100 HOMECOMING;;;;;;;
;MORGAN, PAGE - THE WONDROUS AND THE WICKED;;;;;;;
;MORGAN, SARAH - ONE SUMMER IN PARIS;;;;;;;
;MORIARITY, LIANE - BIG LITLE LIES;;;;;;;
;MORIARITY, LIANE - THE HUSBAND'S SECRET;;;;;;;
;MORIARITY, LIANE - TRULY MADLY GUILTLY;;;;;;;
;MORIN, DONNA RUSO - TO SERVE A KING;;;;;;;
;MORRELL, DAVID - RULER OF THE NIGHT;;;;;;;
;MORRIS, KATE - THE SEVEN YEAR ITCH;;;;;;;
;MORRIS, WANDA M. - ALL HER LITTLE SECRETS;;;;;;;
;MORRISSEY, DI - THE SILENT COUNTRY;;;;;;;
;MORTENSON, GREG & DAVID OLIVER RELIN - THREE CUPS OF TEA;;;;;;;
;MOSER, NANCY - WASHINGTON'S LADY;;;;;;;
;MOSES, SPENCER E. - NETWORK OF DECEPTION;;;;;;;
;MOSSE, KATE  SLPULCHIE;;;;;;;
;MOSSE, KATE - CITADEL;;;;;;;
;MOUNTAIN, FIONA - REBEL HEIRESSS;;;;;;;
;MOWAT, FARLEY - LOST IN THE BARRENS;;;;;;;
;MULLIN, STEPH & NICOLE MABRY - THE FAMILY TREE;;;;;;;
;MURRAY, JEANETTE - THE OFFICER AND THE SECRET;;;;;;;
;NABB, MAGDALEN - THE MONSTER OF FLORENCE;;;;;;;
;NAPOLI, LISA - RADIO SHANGRI-LA;;;;;;;
;NASH, CHARLOTTE - THE PARIS WEDDING;;;;;;;
;NASH, JENNIE - THE THREADBARE HEART;;;;;;;
;NASH, KIM - AMAZING GRACE;;;;;;;
;NATHAN, AMY SUE - LEFT TO CHANCE;;;;;;;
;NEELY, RICHARD - SHADOWS FROM THE PACT;;;;;;;
;NEGGARS, CALA - ISLAND HARBOR;;;;;;;
;NELSON, CALEB AZUMAH - OPEN WATER;;;;;;;
;NEMIROSKY, IRENE - SUITE FRANCIASE;;;;;;;
;NESBO, JO - MacBETH;;;;;;;
;NESBO, JO - PHAMTOM;;;;;;;
;NESBO, JO - POLICE;;;;;;;
;NESBO, JO - THE BAT;;;;;;;
;NESBO, JO - THE DEVIL'S STAR;;;;;;;
;NESBO, JO - THE SNOWMAN;;;;;;;
;NESBO, JO - THE THIRST;;;;;;;
;NEUHAUS, NELE - BAD WOLF;;;;;;;
;NEUHAUS, NELE - I AM YOUR JUDGE;;;;;;;
;NEUHAUS, NELE -SNOW WHITE MUST DIE;;;;;;;
;NEVILLE, MIRANDA = NEVER RESIST TEMPTATION;;;;;;;
;NEVILLE, MIRDANA - NEVER RESIST TEMPTATION;;;;;;;
;NEVILLE, STUART - SO SAY THE FALLEN;;;;;;;
;NEWMAN,  T. J. - FALLING;   ;;;;;;
;NEWMAN, RUTH - THE COMPANY OF STRANGERS;;;;;;;
;NICHOLS, LEIGH - TWILIGHT;;;;;;;
;NICHOLSON, WILLIAM, - THE SECRET INTENSITY OF EVERYDAY LIFE;;;;;;;
;NOBLE, KATE - FOLLOW MY LEAD;;;;;;;
;NOBLIN, ANNIE ENGLAND - JUST FINE WITH CAROLINE;;;;;;;
;NOONAN, ROSALIND - THE DAUGHTER SHE USED TO BE;;;;;;;
;NORMAN, HILARY - TOO CLOSE;;;;;;;
;NORTH, FREYA - CHANCES;;;;;;;
;NORTH, FREYA - THE TURNING POINT;;;;;;;
;NORTH, LAUREN - THE PERFECT SON;;;;;;;
;NORTH, OLIVER - HEROES PROVED;;;;;;;
;NORTON, ASHLEY PRENTICE - THE CHOCOLATE MONEY;;;;;;;
;NOVAK, BRENDA - BEFORE WE WERE STRANGERS;;;;;;;
;NOVAK, BRENDA - DEAD SILENCE;;;;;;;
;NOVAK, BRENDA - HELLO AGAIN;;;;;;;
;NOVAK, BRENDA - THE SECRET SISTER;;;;;;;
;NOVAK, BRENDA - UNFORGETTABLE YOU;;;;;;;
;NOVAK, BRENDA - WATCH ME;;;;;;;
;O'Brian, Patrick - Desolation Island;;;;;;;
;O'Brian, Patrick - HMS Surprise;;;;;;;
;O'Brian, Patrick - Master and Commander;;;;;;;
;O'Brian, Patrick - Post Captain;;;;;;;
;O'Brian, Patrick - The Far Side of the World;;;;;;;
;O'Brian, Patrick - The Fortune of War;;;;;;;
;O'Brian, Patrick - The Surgeon's Mate;;;;;;;
;O'Brian, Patrick (plus) - A Sea of Words (from Patrick O'Brian's seafaring tales);;;;;;;
;O'Brian, Patrick (plus) - Harbors and High Seas (Atlas to Patrick O'Brian);;;;;;;
;O'Brian, Patrick (plus) - Lobscouse & Spotted Dog (Gastronomic companion to O'Brian);;;;;;;
;O'Brian, Patrick (plus) - The Making of Master and Commander;;;;;;;
;O'BRIEN, FIONA - NONE OF MY AFFAIR;;;;;;;
;O'BRIEN, KEVIN - THE BAD SISTER;;;;;;;
;O'BRIEN, KEVIN - UNSPEAKABLE;;;;;;;
;O'CLARE, LORIE - SEDUCTION ISLAND;;;;;;;
;O'FALLON, TEE - TOUGH JUSTICE;;;;;;;
;O'FLANAGAN, SHEILA - THE PERFECT MAN;;;;;;;
;O'FLANAGAN, SHEILA - THINGS WE NEVER SAY;;;;;;;
;O'NEAL, KATHERINE - MY ONE & ONLY;;;;;;;
;O'REILLY, VICTOR - GAMES OF THE HANGMAN;;;;;;;
;OBREHT, TEA - THE TIGER'S WIFE;;;;;;;
;OCORK, SHANNON - TITANIC;;;;;;;
;OLIVER, LAUREN  - DELIRIUM;;;;;;;
;OWEN, NIKKI - SUSPECT 375;;;;;;;
;PAGE, SHARON - DEEPLY IN YOU;;;;;;;
;PAIGE, DANIELLE - DOROTHY MUST DIE STORIES VOL. 2;;;;;;;
;PAIGE, DANIELLE - THE WICKED WILL RISE;;;;;;;
;PALKA, KURT - PATIENT NUMBER 7;;;;;;;
;PALMER, D. J. - THE NEW HUSBAND;;;;;;;
;PALMER, DIANA - OUTSIDER;;;;;;;
;PALMER, DIANA - UNLEASHED;;;;;;;
;PALMER, MICHAEL - RESISTANT;;;;;;;
;PALMER, MICHAEL & DANIEL PALMER - MERCY;;;;;;;
;PALMER, MICHAEL & DANIEL PALMER - TRAUMA;;;;;;;
;PAOLINI, CHRISTOPHER - BRESINGR;;;;;;;
;PAOLINI, CHRISTOPHER - ELDEST;;;;;;;
;PAOLINI, CHRISTOPHER - ERAGON;;;;;;;
;PARETSKY, SARA  - BODY WORK ;;;;;;;
;PARIS, B.A. - BEHIND CLOSED DOORS;;;;;;;
;PARIS, B.A. - BEHIND CLOSED DOORS;;;;;;;
;PARKER, KATE - DEADLY SCANDAL;;;;;;;
;PARKER, LUCY - HEADLINDERS;;;;;;;
;PARKER, ROBERT B. - BAD BUSINESS;;;;;;;
;PARKS, ADELE - I INVITED HER IN;;;;;;;
;PARKS, ADELE - IF YOU GO AWAY;;;;;;;
;PARKS, BRAD - SAY NOTHING;;;;;;;
;PARMAR, PRIYA - EXIT THE ACTRESS;;;;;;;
;PARR, DELIA - HIDDEN AFFECTIONS;;;;;;;
;PARSONS, GOLDEN KEYES - IN THE SHADOW OF THE SUN KING;;;;;;;
;PARSONS, KELLY - DOING HARM;;;;;;;
;PATAKI, ALLISON - THE ACCIDENTAL EMPRESS;;;;;;;
;PATERSON, JAMES & HOWARD ROUGHAN - DON'T BLINK;;;;;;;
;PATTERSON, JAJMES - DEADLY CROSS;;;;;;;
;PATTERSON, JAME- MARY, MARY;;;;;;;
;PATTERSON, JAMES   - TH E LAKE HOUSE;;;;;;;
;PATTERSON, JAMES  & JAMES O. BORN - THE RIVER MURDERS;;;;;;;
;PATTERSON, JAMES - 7th HEAVEN;;;;;;;
;PATTERSON, JAMES - BIG BAD WOLF;;;;;;;
;PATTERSON, JAMES - CROSS JUSTICE;;;;;;;
;PATTERSON, JAMES - FOUR BLIND MICE;;;;;;;
;PATTERSON, JAMES - HIDE & SEEK;;;;;;;
;PATTERSON, JAMES - KILL ALEX CROSS;;;;;;;
;PATTERSON, JAMES - MAXIMUM RIDE - SAVING THE WORLD AND OTHER EXTREME SPORTS;;;;;;;
;PATTERSON, JAMES - MAXIMUM RIDE SCHOOL'S OUT - FOREVER;;;;;;;
;PATTERSON, JAMES - MAXIMUM RIDE THE ANGEL EXPERIMENT;;;;;;;
;PATTERSON, JAMES - MERRY CHRISTMAS, ALEX CROSS;;;;;;;
;PATTERSON, JAMES - ROSES ARE RED;;;;;;;
;PATTERSON, JAMES - SAM'S LETTERS TO JENNIFER;;;;;;;
;PATTERSON, JAMES - THE 6TH TARGET;;;;;;;
;PATTERSON, JAMES - THE LAKE HOUSE;;;;;;;
;PATTERSON, JAMES - VIOLETS ARE BLUE;;;;;;;
;PATTERSON, JAMES - WHEN THE WIND BLOWS;;;;;;;
;PATTERSON, JAMES &  JAMES O.. BORN - HAUNTED;;;;;;;
;PATTERSON, JAMES & ANDREW BOURELLE - TEXAS RANGER;;;;;;;
;PATTERSON, JAMES & ANDREW GROSS - LIFEGUARD;;;;;;;
;PATTERSON, JAMES & BILL CLINTON - THE PRESIDENT IS MISSING;;;;;;;
;PATTERSON, JAMES & BILL CLINTON - THE PRESIDENT'S DAUGHTER;;;;;;;
;PATTERSON, JAMES & BRENDON DUBOIS - THE SUMMER HOUSE;;;;;;;
;PATTERSON, JAMES & CANDICE FOX - HUSH;;;;;;;
;PATTERSON, JAMES & DAVID ELLIS - BLACK BOOK;;;;;;;
;PATTERSON, JAMES & GABRIELLE CHARBONNET - SUNDAY AT TIFFANY'S;;;;;;;
;PATTERSON, JAMES & HOWARD ROUGHAN  - HONEYMOON;;;;;;;
;PATTERSON, JAMES & HOWARD ROUGHAN - KILLER INSTINCT;;;;;;;
;PATTERSON, JAMES & HOWARD ROUGHAN - SECOND HONEYMOON;;;;;;;
;PATTERSON, JAMES & J.D. BARKER - DEATH OF THE BLACK WODOW;;;;;;;
;PATTERSON, JAMES & JAMES O BORN - LOST;;;;;             ;;
;PATTERSON, JAMES & JAMES O. BORN - THE RUSSIAN;;;;;;;
;PATTERSON, JAMES & JAMES O'BORN - AMBUSH;;;;;;;
;PATTERSON, JAMES & KATHY FOX - MISSING;;;;;;;
;PATTERSON, JAMES & MARSHALL KARP - NYPD RED;;;;;;;
;PATTERSON, JAMES & MAXINE PAETRO  - 11TH HOUR;;;;;;;
;PATTERSON, JAMES & MAXINE PAETRO - 10th ANNIVERSARY;;;;;;;
;PATTERSON, JAMES & MAXINE PAETRO - 14th DEADLY SIN;;;;;;;
;PATTERSON, JAMES & MAXINE PAETRO - 15th AFFAIR;;;;;;;
;PATTERSON, JAMES & MAXINE PAETRO - 17TH SUSPECT;;;;;;;
;PATTERSON, JAMES & MAXINE PAETRO - 5th HORSEMAN;;;;;;;
;PATTERSON, JAMES & MAXINE PAETRO - SWIMSUIT;;;;;;;
;PATTERSON, JAMES & MICHAEL LEDWIDGE - ALERT;;;;;;;
;PATTERSON, JAMES & MICHAEL LEDWIDGE - I, MICHAEL BENNETT;;;;;;;
;PATTERSON, JAMES & MICHAEL LEDWIDGE - TICK TOCK;;;;;;;
;PATTERSON, JAMES & NANCY ALLEN - JUROR #3;;;;;;;
;PATTERSON, JAMES & RICHARD DELALLO - ALEX CROSS'S TRIAL;;;;;;;
;PATTERSON, JAMES & RICHARD DILALLO - THE MIDWIFE MURDERS;;;;;;;
;PATTERSON, RICHARD NORTH - DEVIL'S DELIGHT;;;;;;;
;PATTERSON,JAMES & MICHAEL LEDWIDGE - GONE;;;;;;;
;PAUL, GILL - ANOTHER WOMAN'S HUSBAND;;;;;;;
;PAUL, GILL - THE SECRET AFFAIR;;;;;;;
;PAUL, GILL - THE SECRET WIFE;;;;;;;
;PEARCE, A.J.  - YOURS CHEERFULLY;;;;;;;
;PEARSON, ALLISON - I THINK I LOVE YOU;;;;;;;
;PEARSON, RIDLEY - CHOKE POINT;;;;;;;
;PEKKANEN, SARAH - THE PERFECT NEIGHBORS;;;;;;;
;PELLEGRINO, NICKY - A YEAR AT HOTEL GONDOLA;;;;;;;
;PELLIEGRINA, NICKY - A DREAM OF ITALY;;;;;;;
;PERRY, CAROL - SEE SOMETHING;;;;;;;
;PERRY, CAROL J. - CAUGHT DEAD  HANDED;;;;;;;
;PERRY, MICHAEL R. - THE STRANGER RETURNS;;;;;;;
;PERRY, TASMINA - GOLD DIGGERS;;;;;;;
;PERRY, TASMINA - THE LAST KISS GOODBYE;;;;;;;
;PERRY, THOMAS - STRIP;;;;;;;
;PERRY, THOMAS - THE OLD MAN;;;;;;;
;PETERS, ELIZABETH & JOAN HESS - THE PAINTED QUEEN;;;;;;;
;PETERS, GLYNIS - THE ORPHAN THIEF;;;;;;;
;PETTREY, DANI - SUBMERGED;;;;;;;
;PHILLIPS, CARLY - HOT STUFF;;;;;;;
;PHILLIPS, CARLY - LUCKY BREAK;;;;;;;
;PHILLIPS, GIN - THE WELL AND THE MINE;;;;;;;
;PHILLIPS, SUSAN ELIZABETH  - THE GREAT ESCAPE;;;;;;;
;PHILLIPS, SUSAN ELIZABETH - BREATHING ROOM;;;;;;;
;PHILLIPS, SUSAN ELIZABETH - CALL ME IRRESISTIBLE;;;;;;;
;PHILLIPS, SUSAN ELIZABETH - DANCE AWAY WITH ME;;;;;;;
;PHILLIPS, SUSAN ELIZABETH - NATURAL BORN CHARMER;;;;;;;
;PHILLIPS, SUSAN ELIZABETH - WHEN STARS COLLIDE;;;;;;;
;PICOULT, JODI - A SPARK OF LIGHT;;;;;;;
;PICOULT, JODI - LEAVING TIME;;;;;;;
;PICOULT, JODI - PLAIN TRUTH;;;;;;;
;PICOULT, JODI - VANISHING ACTS;;;;;;;
;PICOULT, JODI & SAMANTHA VAN LEER - OFF THE PAGE;;;;;;;
;PINBOROUGH, SARAH - CROSS HER HEART;;;;;;;
;POEPPEL, AMY - SMALL ADMISSIONS;;;;;;;
;POINT, YVONNE - THE BEST OF TIME;;;;;;;
;POLAK, MONIQUE - SO MUCH IT HURTS;;;;;;;
;POLITES, TAYLOR M. - THE REBEL WIFE;;;;;;;
;POTOK, CHAIM - MY NAME IS ASHER LEV;;;;;;;
;POULSEN, DAVID A. - SERPENTS RISING;;;;;;;
;POWELL, JULIE - CLEAVING;;;;;;;
;POWERS, RICHARD - BEWILDERMENT;;;;;;;
;PRELLER, JAMES - BYSTANDER;;;;;;;
;PRESTON & CHILD -  FEVER DREAM;;;;;;;
;PRESTON & CHILD - BLOODLESS;;;;;;;
;PRESTON & CHILD - BLUE LABYRINTH;;;;;;;
;PRESTON & CHILD - OLD BONES;;;;;;;
;PRESTON & CHILD - OLD BONES;;;;;;;
;PRICE, STEVEN - BY GASLIGHT;;;;;;;
;PROBST, JENNIFER - SEARCHING FOR BEAUTIFUL;;;;;;;
;PRYOR, MARK - THE SORBONNE AFFAIR;;;;;;;
;PULLINGER, KATE - THE MISTRESS OF NOTHING;;;;;;;
;PUTMAN, CARA C. - STARS IN THE NIGHT;;;;;;;
;PUTNEY, MARY JO - ONCE A SOLDER;;;;;;;
;PUTNEY, MARY JO - SOMETIMES A ROGUE;;;;;;;
;QUICK, AMANDA - SECOND SIGHT;;;;;;;
;QUICK, AMANDA - THE THIRD CIRCLE;;;;;;;
;QUICK, AMANDA - WAIT UNTIL MIDNIGHT;;;;;;;
;QUICK, MATTHEW - SILVER LININGS;;;;;;;
;QUIGLEY, SARAH - THE CONDUCTOR;;;;;;;
;QUIGLEY, SHEILA - RUN F OR HOME;;;;;;;
;QUINN, ELLA - DESIRING LADY CARO;;;;;;;
;QUINN, JULIA - THE DUKE AND I;;;;;;;
;QUINN, SPENCER - TO FETCH A THIEF;;;;;;;
;RANKIN, IAN  - THE NAMING OF THE DEATH;;;;;;;
;RANKIN, IAN - A QUESTION OF BLOOD - (LARGE PRINT);;;;;;;
;RANKIN, IAN - EVEN DOGS IN THE WILD;;;;;;;
;RANKIN, IAN - IN A HOUSE OF LIES;;;;;;;
;RANKIN, IAN - REBUS THE LOST YEARS LET IT BLEEED, BLACK AND BLUE, THE HANGING GARDEN;;;;;;;
;RANKIN, IAN - STANDING IN ANOTHER MAN'S GRAVE;;;;;;;
;RANKIN, IAN - THE BEAT GOES ON;;;;;;;
;RASH, RON - BURNING BRIGHT;;;;;;;
;RASH, RON - SERENA;;;;;;;
;RAVEN, JAIME - THE MOTHER;;;;;;;
;RAY, CATE - GOOD HUSBANDS;;;;;;;
;RAYBOURN, DEANNA - DARK ROAD TO DARJEELING;;;;;;;
;RAYBURNN, DEANNA - CITY OF JASMINE;;;;;;;
;REDFERN, SUZANNE - NO ORDINARY LIFE;;;;;;;
;REDLAND, JESSICA - THE SECRET TO HAPPINESS;;;;;;;
;REDMERAI,J.A. - SONG OF THE FIREFLIES;;;;;;;
;REECE, CHRISTY - MERCILESS;;;;;;;
;REECE, CHRISTY - NOTHING TO LOSE;;;;;;;
;REECE, CHRISTY - RELENTLESS;;;;;;;
;REES, JOANNA - SHADE OF THE BLOSSOM TREE;;;;;;;
;REES, JOANNA - THE HIDDEN WIFE;;;;;;;
;REES, JOANNA - THE RUNWAY DAUGHTER;;;;;;;
;REES, TRACY -FLORENCE GRACE;;;;;;;
;REICH, KATHY - DEATH DU JOUR;;;;;;;
;REICH, KATHY - MONDAY MOURNING;;;;;;;
;REICHS, KATHY   - BONES NEVER LIE;;;;;;;
;REICHS, KATHY - BARE BONES;;;;;;;
;REICHS, KATHY - BONES TO ASHES;;;;;;;
;REICHS, KATHY - BREAK NO BONES;;;;;;;
;REICHS, KATHY - FLASH AND BONES;;;;;;;
;REICHS, KATHY - SPIDER BONES;;;;;;;
;REISZ, TIFFANY - THE SIREN;;;;;;;
;RENDALL, RUTH - THE CROCODILE BIRD;;;;;;;
;RENDELL, RUTH - NO MAN'S NIGHTINGALE;;;;;;;
;RENDELL, RUTH - THE CROCODILE BIRD;;;;;;;
;RENNISON, LOUISE - A MIDSUMMER TIGHTS DREAM;;;;;;;
;REUS, KATIE  - RED STORE SECURITY SERIES, VOL2, BOOKS 4-6;;;;;;;
;REUS, KATIE - BISHOP'S KNIGHT;;;;;;;
;REUS, KATIE - BISHOP'S QUEEN;;;;;;;
;REUS, KATIE - DANGEROUS PROTECTOR;;;;;;;
;REUS, KATIE - FIRST SURRENDER;;;;;;;
;REUS, KATIE - RED STONE SECURIT SERIES: VOLUME 3 BOOKS 7-9;;;;;;;
;REVELL, NANCY - A CHRISTMAS WISH FOR THE SHIPYARD GIRLS;;;;;;;
;REVELL,NANCY - THE SHIPYARD GIRLS;;;;;;;
;REYNOLDS, ALASTAIR - REVENGER;;;;;;;
;REYNOLDS, ALASTAIR - SHADOW CAPTAIN;;;;;;;
;RHYS, RACHEL - DANGEROUS CROSSING;;;;;;;
;RHYS, RACHEL - FATAL INHERITANCE;;;;;;;
;RICE, ANNE - BLOOD AND GOLD;;;;;;;
;RICE, LISA MARIE - HEART OF DANGER;;;;;;;
;RICE, LISA MARIE - I DREAM OF DANGER ;;;;;;;
;RICE, LISA MARIE -MIDNIGHT PROMISES;;;;;;;
;RICHARD, PENNY - RAMBLER'S REST;;;;;;;
;RICHARDS, CAROLINE - THE DEEPEST SIN;;;;;;;
;RICHARDS, EMILIE - THE PARTING GLASS;;;;;;;
;RICHELL, HANNAH - THE SHADOW OF YOU;;;;;;;
;RICHELL, HANNAH - THE SHADOW YEAR;;;;;;;
;RICHMAN, ALYSON - THE LOST WIFE;;;;;;;
;RICHMAN, ALYSON - THE SECRET OF CLOUDS;;;;;;;
;RICHMOND, MICHELLE - THE MARRIAGE PACT;;;;;;;
;RICKLOFF, ALIX - LOST IN YOU;;;;;;;
;RIDDLE, A.G. - DEPARTURE;;;;;;;
;RIGGS, RANSON - MISS PEREGRINE'S HOUSE FOR PECULIAR CHILDREN;;;;;;;
;RILEY, JUDITH MERKLE - IN PURSUIT OF THE GREEN LION;;;;;;;
;RIVERS, CAROL - EAST END JUBILEE;;;;;;;
;ROBARDS, KAREN - GUILTY;;;;;;;
;ROBARDS, KAREN - HUNTED;;;;;;;
;ROBARDS, KAREN - IRRESTIBLE;;;;;;;
;ROBARDS, KAREN - PARADISE COUNTY;;;;;;;
;ROBARDS, KAREN - THE BLACK SWAN OF PARIS;;;;;;;
;ROBARDS, KAREN - THE FIFTH DOCTRINE;;;;;;;
;ROBARDS, KAREN - THE LAST KISS GOODBYE;;;;;;;
;ROBARDS, KAREN - THE LAST VICTIM;;;;;;;
;ROBARDS, KAREN - THE MOSCOW DECEPTION;;;;;;;
;ROBARDS, KAREN - THE ULTIMATUM;;;;;;;
;ROBB, J.D   - CONNECTIONS IN DEATH ;;;;;;;
;ROBB, J.D.  - SECRETS IN DEATH;;;;;;;
;ROBB, J.D.  - SHADOWS IN DEATH;;;;;;;
;ROBB, J.D. - DARK IN DEATH;;;;;;;
;ROBB, J.D. - FORGOTTEN IN DEATH;;;;;;;
;ROBB, J.D. - ORIGIN IN DEATH;;;;;;;
;ROBB, J.D. - PROMISES IN DEATH;;;;;;;
;ROBB, J.D. - TREACHERY IN DEATH;;;;;;;
;ROBB, J.D. - VENDETTA IN DEATH;;;;;;;
;ROBERT, KATEE - WILD COWBOY NIGHTS;;;;;;;
;ROBERTS, NORA  - MONTANA SKY;;;;;;;
;ROBERTS, NORA  - STARS;;;;;;;
;ROBERTS, NORA  - SWEET REVENGE;;;;;;;
;ROBERTS, NORA  - TABLE FOR 2;;;;;;;
;ROBERTS, NORA  - THE LAST BOYFRIEND;;;;;;;
;ROBERTS, NORA - ANGELS FALLS;;;;;;;
;ROBERTS, NORA - BAY OF SIGHS;;;;;;;
;ROBERTS, NORA - BECOMING;;;;;;;
;ROBERTS, NORA - BLACK HILLS;;;;;;;
;ROBERTS, NORA - BLUE SMOKE;;;;;;;
;ROBERTS, NORA - CHANGE OF HEART;;;;;;;
;ROBERTS, NORA - CHASING FIRE;;;;;;;
;ROBERTS, NORA - DIVINE EVIL;;;;;;;
;ROBERTS, NORA - FIRST SNOW;;;;;;;
;ROBERTS, NORA - FROM DAWN TO DUK;;;;;;;
;ROBERTS, NORA - HIGH NOON;;;;;;;
;ROBERTS, NORA - HOMEPORT;;;;;;;
;ROBERTS, NORA - HONEST ILLUSIONS;;;;;;;
;ROBERTS, NORA - ISLAND OF GLASS;;;;;;;
;ROBERTS, NORA - KEY OF LIGHT;;;;;;;
;ROBERTS, NORA - LEGACY;;;;;;;
;ROBERTS, NORA - LOVE B Y DESIGN;;;;;;;
;ROBERTS, NORA - MIDNIGHT SHADOWS;;;;;;;
;ROBERTS, NORA - MYSTERIOUS;;;;;;;
;ROBERTS, NORA - NORTHERN LIGHTS;;;;;;;
;ROBERTS, NORA - NOT WITHOUT YOU;;;;;;;
;ROBERTS, NORA - PERFECT HARMONY;;;;;;;
;ROBERTS, NORA - PUBLIC SECRETS;;;;;;;
;ROBERTS, NORA - RAFE & JARED - THE McCADE BROTHERS;;;;;;;
;ROBERTS, NORA - SECRETS BY NIGHTFALL;;;;;;;
;ROBERTS, NORA - SHELTER IN PLACE;;;;;;;
;ROBERTS, NORA - SUMMER COVE;;;;;;;
;ROBERTS, NORA - SWEET RAINS;;;;;;;
;ROBERTS, NORA - THE  MAGIC CIRCLE;;;;;;;
;ROBERTS, NORA - THE AWAKENING;;;;;;;
;ROBERTS, NORA - THE CHOICE;;;;;;;
;ROBERTS, NORA - THE DONOVAN LEGACY CHARMED;;;;;;;
;ROBERTS, NORA - THE LAST BOYFRIEND;;;;;;;
;ROBERTS, NORA - THE NEXT ALWAYS;;;;;;;
;ROBERTS, NORA - THE OBSESSION;;;;;;;
;ROBERTS, NORA - THE PERFECT HOPE;;;;;;;
;ROBERTS, NORA - THE VILLA;;;;;;;
;ROBERTS, NORA - THE WITNESS;;;;;;;
;ROBERTS, NORA - TRUE BETRAYALS;;;;;;;
;ROBERTS, NORA - UNDER CURRENTS;;;;;;;
;ROBERTS, NORA - WESTERN SKIES;;;;;;;
;ROBERTS, NORA - WHISKEY BEACH;;;;;;;
;ROBERTS, NORA - WITHOUT A TRACE;;;;;;;
;ROBERTS, NORA - WRITTEN IN THE STARS;;;;;;;
;ROBERTS, NORA -THE MacGREGOR GROOMS;;;;;;;
;ROBERTS, SHEILA  - SAND DOLLAR LANE;;;;;;;
;ROBERTS, SHEILA - TWO KISSES FOR CHRISTMAS;;;;;;;
;ROBERTS, SHEILA - WINTER AT THE BEACH;;;;;;;
;ROBERTSON, IMOGEN - CIRCLE OF SHADOWS;;;;;;;
;ROBSON, JENNIFER - OUR DARKEST NIGHT;;;;;;;
;ROBSON, JENNIFER - SOMEWHERE IN FRANCE;;;;;;;
;ROBUCK, ERIKA - HEMINGWAY'S GIRL;;;;;;;
;ROBUCK, ERIKA - SISTERS OF NIGHT AND FOG;;;;;;;
;ROBUCK, ERIKA - THE HOUSE OF HAWTHORNE;;;;;;;
;ROCHA, LUIS MIGUEL - THE LAST POPE;;;;;;;
;ROCHA, LUIS MIQUEL - THE POPE'S ASSASSIN;;;;;;;
;RODALE, MAYA -A GROOM OF HER OWN;;;;;;;
;ROGER, MARIE-SABINE  - SOFT IN THE HEAD;;;;;;;
;ROGERS, GEMMA -STALKER;;;;;;;
;ROGERS, ROSEMARY - SURRENDER TO LOVE;;;;;;;
;ROLLINS, JAMES - THE LAST ODYSSEY;;;;;;;
;ROLLINS, JAMES & GRANT BLACKWOOD - WAR HAWK;;;;;;;
;ROLLINS, JAMES & REBECCA CANTRELL - INNOCENT BLOOD;;;;;;;
;RONIN, ISABELLE - ALWAYS RED;;;;;;;
;ROSE, M.J. - THE HYPNOTIST;;;;;;;
;ROSENBERG, NANCY TAYLOR - THE CHEATER;;;;;;;
;ROSENFELDT, HANS - CRY WOLF;;;;;;;
;ROSS,  JOANN - HERON'S LANDING;;;;;;;
;ROSS, JOANN - ONE SUMMER;;;;;;;
;ROSS, JOANN - SECOND CHANCE SPRING;;;;;;;
;ROSS, JOANN - SUMMER ON MIRROR LAKE;;;;;;;
;ROSS, JOANN - THE INHERITANCE;;;;;;;
;ROSSNER, JUDITH - HIS LITTLE WOMEN;;;;;;;
;ROSSO, NICO - COUNTDOWN TO ZERO HOUR;;;;;;;
;ROSSO, NICO - ONE MINUTE TO MIDNIGHT;;;;;;;
;ROTERT, REBECCA - LAST NIGHT AT THE  BLUE ANGEL;;;;;;;
;ROUDA, KAIRA - THE FAVORITE DAUGHTER;;;;;;;
;ROWELL, RAINBOW - FANGIRL;;;;;;;
;ROWLING, J.K. - THE CASUAL VACANCY;;;;;;;
;RUBENHOLD, HALLIE - MISTRESS OF MY FATE;;;;;;;
;RUBY-SACHS, EMMA - THE WATER MAN'S DAUGHTER;;;;;;;
;RUCKA, GREG - THE LAST RUN;;;;;;;
;RUGGLE, KATE - IN SAFE HANDS;;;;;;;
;RUGGLE, KATIE - GONE TOO DEEP;;;;;;;
;RUGGLE, KATIE - HOLD YOUR BREATH;;;;;;;
;RUSHDAN, JUNO  - UNTIL THE END;;;;;;;
;RUSHDAN, JUNO - EVERY LAST BREATH;;;;;;;
;RUSHDAN, JUNO - NOTHING TO FEAR ;;;;;;;
;RUTHERFORD, EDWARD  - THE FOREST;;;;;;;
;RUTHERFORD, EDWARD - NEW YORK;;;;;;;
;RUTHERFORD, EDWARD-THE PRINCESS OF IRELAND(THE DUBLIN SAGA);;;;;;;
;RYAN, HANK PHILLIPPA - WHAT YOU SEE;;;;;;;
;RYAN, HANK PHILLIPPI    - AIR TIME;;;;;;;
;RYAN, HANK PHILLIPPI - DRIVE TIME;;;;;;;
;RYAN, HANK PHILLIPPI - HER PERFECT LIFE;;;;;;;
;RYAN, HANK PHILLIPPI - THE FIRST TO LIE;;;;;;;
;RYAN, JENNIFER - THE SPIES OF SHELLING LANE;;;;;;;
;RYAN, KENDALL - FILTHY AND BEAUTIFUL LIES;;;;;;;
;RYAN, ROBERT - AFTER MIDNIGHT;;;;;;;
;RYAN, ROBERT - EMPIRE OF SAND;;;;;;;
;RYAN, ROBERT - THE DEAD CAN WAIT;;;;;;;
;SALEM, J.J. - THE STRIP;;;;;;;
;SALVATORE, R.A. - THE ANCIENT;;;;;;;
;SALVATORE, R.A. - THE HIGHWAYMAN;;;;;;;
;SANDERS, ANNIE - THE XMAS FACTOR;;;;;;;
;SANDERSON, BRANDON - FEARTRIS;;;;;;;
;SANDERSON, BRANDON - WARBREAKER;;;;;;;
;SANDERSON, BRANDON-ARCANUM UNBOUNDED THE COSMERE COLLECTION;;;;;;;
;SANDERSON, JANE - THIS MUCH IS TRUE;;;;;;;
;SANDFORD, JOHN - BAD BLOOD;;;;;;;
;SANDFORD, JOHN - BLOODY GENIUS;;;;;;;
;SANDFORD, JOHN - BURIED PREY;;;;;;;
;SANDFORD, JOHN - GATHERING PREY;;;;;;;
;SANDFORD, JOHN - HEAT LIGHTING;;;;;;;
;SANDFORD, JOHN - HOLY GHOST (lARGE PRINT);;;;;;;
;SANDFORD, JOHN - SILKEN PREY;;;;;;;
;SANDFORD, JOHN - TWISTED PREY;;;;;;;
;SANDFORD, JOHN - WICKED PREY;;;;;;;
;SANDS, LYNSAY - SURRENDER TO THE HIGHLANDER;;;;;;;
;SARAMAGO, JOSE - THE ELEPHANT'S JOURNEY;;;;;;;
;SAUL, JANICE J. - FIRST WARM EVENING OF THE YEAR;;;;;;;
;SAVAGE, CARO - VILLIAN;;;;;;;
;SCARROW, SIMON - PRAETORIAN;;;;;;;
;SCHROEDER, LISA - I HEART HYOU, YOU HAUNT ME;;;;;;;
;SCHULMAN, HELEN - COME WITH ME;;;;;;;
;SCHWALBE, WILL - THE END OF YOUR LIFE BOOK CLUB;;;;;;;
;SCORE, LUCY - PRETEND YOU ARE MINE;;;;;;;
;SCOTCH, ALLISON WINN  - THE REWIND;;;;;;;
;SCOTT, NIKOLA - MY MOTHER'S SHADOW;;;;;;;
;SCOTTOLINE, LISA  - HAVE A NICE GUILT TRIP;;;;;;;
;SCOTTOLINE, LISA - AFTER ANNA;;;;;;;
;SCOTTOLINE, LISA - DEVIL'S CORNER;;;;;;;
;SCOTTOLINE, LISA - ONE PERFECT LIE;;;;;;;
;SEGAL, FRANCESCA - THE INNOCENTS;;;;;;;
;SEIDEL, KATHLEEN GILLES - KEEP YOUR MOUTH SHUT AND WEAR BEIGE;;;;;;;
;SEMPLE, MARIA - WHERE'S YOU GO BERNADETTE;;;;;;;
;SESKIS, TINA - THE HONEYMOON;;;;;;;
;SEYMOUR, GERALD - A DENIABLE DEATH;;;;;;;
;SHAFAK, ELIF - THE FORTY RULES OF LOVE;;;;;;;
;SHALVIS, JILL - THE LEMON SISTERS;;;;;;;
;SHARP, CATHY - A DAUGHTER'S SORROW;;;;;;;
;SHATTUCK, JESSICA - THE WOMEN IN THE CASTLE;;;;;;;
;SHAYNE, MAGGIE  - KILLING ME SOFTLY;;;;;;;
;SHAYNE, MAGGIE - KILL ME AGAIN;;;;;;;
;SHEHADI, MUNA - HIDDEN TRUTHS;;;;;;;
;SHEHADI, MUNA - HONEST SECRETS;;;;;;;
;SHEHADI, MUNI - FIRST WIFE;;;;;;;
;SHEHADI, MUNI - HONEST SECRETS;;;;;;;
;SHEHADI, MUNI - PRIVATE LIES;;;;;;;
;SHELDON, SIDNEY - NOTHING LASTS FOREVER;;;;;;;
;SHELDON, SIDNEY & TILLY BAGSHAWE - CHASING TOMORROW;;;;;;;
;SHELDON, SIDNEY-BLOODLINE, A STRANGER IN THE MIRROR, THE NAKD FACE;;;;;;;
;SHELTON, SANDI KAHN - KISSING GAMES OF THE WORLD;;;;;;;
;SHEPARD, SARA - REPUTATION;;;;;;;
;SHEPHERD, SARA - THE HEIRESSES;;;;;;;
;SHIELDS, CAROL  - THE STONE DIARIES;;;;;;;
;SHOWALTER, GENA - CAN'T LET GO;;;;;;;
;SHOWALTER, GENA - THROUGH THE ZOMBIE GLASS;;;;;;;
;SHRIVER, LIONEL - WE NEED TO TALK ABOUT KEVIN;;;;;;;
;SIGURDARDORTIR, YRSA - SOMETONE TO WATCH OVER ME;;;;;;;
;SILVA, DANIEL  - THE BLACK WIDOW;;;;;;;
;SILVA, DANIEL  - THE OTHR WOMAN;;;;;;;
;SIMMONS, PAULLINA - A SONG IN DAYLIGHT;;;;;;;
;SIMONSON, HELEN - THE SUMMER BEFORE THE WAR;;;;;;;
;SIMSES, MARY - THE WEDDING THIEF;;;;;;;
;SITOMER, ALAN LAWRENCE - NERD GIRLS A CASTROPHE OF NERDISH PROPORTIONS;;;;;;;
;SIXSMITH, MARTIN - PHILOMENA;;;;;;;
;SKYE, CHRISTINA - BUTTERFLY COVE;;;;;;;
;SKYE, CHRISTINA - THE ACCIDENTAL BRIDE;;;;;;;
;SKYE, CHRISTINA - TO CATCH A THIEF;;;;;;;
;SLATER, K.L. - THE LIAR;;;;;;;
;SLATER, K.L. - THE MARRIAGE;;;;;;;
;SLATER, K.L. - THE SILENT ONES;;;;;;;
;SLATER, SEAN - THE SURVIVOR;;;;;;;
;SLAUGHTER, KARIN - PRETTY GIRLS;;;;;;;
;SLAUGHTER, KARIN - THE SILENT WIFE;;;;;;;
;SLAUGHTER, KARIN - UNSEEN;;;;;;;
;SLIMANI, LEILA - THE PERFECT NANNY;;;;;;;
;SMALE, HOLLY - GEEK GIRL;;;;;;;
;SMITH, ALEXANDER McCALL - MORALITY FOR BEAUTIFUL GIRLS;;;;;;;
;SMITH, ALEXANDER McCALL - THE FULL CUPBOARD OF LIFE;;;;;;;
;SMITH, ALEXANDER McCALL - THE MAN WITH THE SILVER SAAB;;;;;;;
;SMITH, ALEXANDER McCALL - THE MINOR ADJUSTMENT BEAUTY SALON;;;;;;;
;SMITH, ANNA  - THE DEAD DON'T SLEEP;;;;;;;
;SMITH, ANNE EASTER - DAUGHTER OF YORK;;;;;;;
;SMITH, DEBRA WHITE - HEATHER THE DEBUTANTE;;;;;;;
;SMITH, JOAN - DESTINY'S DREAM;;;;;;;
;SMITH, KAREN ROSE - MURDER WITH CHERRY TARTS;;;;;;;
;SMITH, L.J.   - THE VAMPIRE DIARIES-THE AWAKENING AND THE STRUGGLE;;;;;;;
;SMITH, MARK ALLEN - THE INQUISITOR;;;;;;;
;SMITH, WILBUR   - DESERT GOD;;;;;;;
;SMITH, WILBUR - A TIME TO DIE;;;;;;;
;SMITH, WILBUR - BLUE HORIZON;;;;;;;
;SMITH, WILBUR - COURTNEY'S WAR;;;;;;;
;SMITH, WILBUR - DESERT GOLD;;;;;;;
;SMITH, WILBUR - PHARAOH;;;;;;;
;SMITH, WILBUR - PREDATOR;;;;;;;
;SMITH, WILBUR - RAGE;;;;;;;
;SMITH, WILBUR - THE TIGER'S PREY;;;;;;;
;SMTH, WILBUR - VICIOUS CIRCLE;;;;;;;
;SNOW, JENNIFER - ALASKA FOR CHRISTMAS;;;;;;;
;SO, ANTHONY VEASNA - AFTERPARTIES;;;;;;;
;SOHMER, STEVE - PATRIOTS;;;;;;;
;SOLI, TATIANA - THE LAST GOOD PARADISE;;;;;;;
;SOLOMONS, NATASHA - HOUSE OF GOLD;;;;;;;
;SORENSON, JILL - AFTER SHOCK;;;;;;;
;SORENSON, JILL - BACKWOODS;;;;;;;
;SOUTHIN, GWENDOLYN - DEATH AS A LAST RESORT;;;;;;;
;SPARKS, NICHOLAS - NIGHTS IN RODANTHE;;;;;;;
;SPARKS, NICHOLAS - SAFE HAVEN;;;;;;;
;SPARKS, NICHOLAS - SEE ME;;;;;;;
;SPARKS, NICHOLAS - THE BEST OF ME;;;;;;;
;SPARKS, NICHOLAS - THE LAST SONG;;;;;;;
;SPARKS, NICHOLAS - TRUE BELIEVER;;;;;;;
;SPARKS, NICHOLAS - TWO BY TWO;;;;;;;
;SPINDLER, ERICA - BREAK NECK;;;;;;;
;SPINDLER, ERICA - JUSTICE FOR SARA;;;;;;;
;SPINDLER, ERICA - THE FIRST WIFE;;;;;;;
;SPINDLER, ERICA - WATCH ME DIE;;;;;;;
;SPINELLI, JERRY - SMILES TO GO;;;;;;;
;ST. CLAIRE, ROXANNE - EDGE OF SIGHT;;;;;;;
;ST. CLAIRE, ROXANNE - FACE OF DANGER;;;;;;;
;ST. CLAIRE, ROXANNE - SHIVER OF FEAR;;;;;;;
;ST. JOHN, KATHERINE - THE LION'S DEN;;;;;;;
;STACEY, SHANNON - CONTROLLED BURN BOSTON FIRE;;;;;;;
;STACEY, SHANNON - FLARE UP BOSTON FIRE;;;;;;;
;STACEY, SHANNON - FULLY IGNITED BOSTON FIRE;;;;;;;
;STACEY, SHANNON - HEAT EXCHANGE BOSTON FIRE;;;;;;;
;STACEY, SHANNON - HOT RESPONSE BOSTON FIRE;;;;;;;
;STACEY, SHANNON - UNDER CONTROL BOSTON FIRE;;;;;;;
;STANLEY, KELLI - CITY OF DRAGONS;;;;;;;
;STANLEY, MICHAEL - A DEATH IN THE FAMILY;;;;;;;
;STAPLEY, MARISSA  - MATING FOR LIFE;;;;;;;
;STAUB, WENDY CORSI - BONE WHITE;;;;;;;
;STAUB, WENDY CORSI - DYING BREATH;;;;;;;
;STEADMAN, CATHERINE - THE DISAPPEARING ACT;;;;;;;
;STEEL, DANIELLE - A GOOD WOMAN;;;;;;;
;STEEL, DANIELLE - AGAINST ALL ODDS;;;;;;;
;STEEL, DANIELLE - ALL THAT GLITTERS;;;;;;;
;STEEL, DANIELLE - BEAUCHAMP HALL;;;;;;;
;STEEL, DANIELLE - BIG GIRLS;;;;;;;
;STEEL, DANIELLE - BLUE;;;;;;;
;STEEL, DANIELLE - CHILD'S PLAY;;;;;;;
;STEEL, DANIELLE - COMPLICATIONS;;;;;;;
;STEEL, DANIELLE - DADDY'S GIRLS;;;;;;;
;STEEL, DANIELLE - FAIRYTALE;;;;;;;
;STEEL, DANIELLE - FALL FROM GRACE;;;;;;;
;STEEL, DANIELLE - FAMILY TIES;;;;;;;
;STEEL, DANIELLE - FLYING ANGELS;;;;;;;
;STEEL, DANIELLE - GOING HOME;;;;;;;
;STEEL, DANIELLE - HEARTBEAT;;;;;;;
;STEEL, DANIELLE - HIGH STAKES;;;;;;;
;STEEL, DANIELLE - IRRESISTIBLE FORCES;;;;;;;
;STEEL, DANIELLE - JEWELS;;;;;;;
;STEEL, DANIELLE - LOST AND FOUND;;;;;;;
;STEEL, DANIELLE - MALICE;;;;;;;
;STEEL, DANIELLE - MORAL COMPASS;;;;;;;
;STEEL, DANIELLE - NINE LIVES;;;;;;;
;STEEL, DANIELLE - NO GREATER LOVE;;;;;;;
;STEEL, DANIELLE - PAST PERFECT;;;;;;;
;STEEL, DANIELLE - PRODIGAL SON;;;;;;;
;STEEL, DANIELLE - RUSHING WATERS;;;;;;;
;STEEL, DANIELLE - SECOND CHANCE;;;;;;;
;STEEL, DANIELLE - SECRETS;;;;;;;
;STEEL, DANIELLE - SILENT NIGHT ;;;;;;;
;STEEL, DANIELLE - SILENT NIGHT (large print book);;;;;;;
;STEEL, DANIELLE - SUSPECTS;;;;;;;
;STEEL, DANIELLE - THE CAST;;;;;;;
;STEEL, DANIELLE - THE COTTAGE;;;;;;;
;STEEL, DANIELLE - THE GOOD FIGHT;;;;;;;
;STEEL, DANIELLE - THE MISTRESS;;;;;;;
;STEEL, DANIELLE - WANDERLUST;;;;;;;
;STEEL, DANIELLE, - THE AWARD;;;;;;;
;STEIN, GARTH  - THE ART OF RACING IN THE RAIN;;;;;;;
;STEIN, GARTH - A SUDDEN LIGHT;;;;;;;
;STEPP, LIN - DOWN BY THE RIVER;;;;;;;
;STEVENS, CHEVY - NEVER LET YOU GO;;;;;;;
;STIEFVATER, MAGGIE - LINGER;;;;;;;
;STIMSON, T. J. - PICTURE OF INNOCENCE;;;;;;;
;STIMSON, TESS  - THE WIFE WHO RAN AWAY;;;;;;;
;STIMSON, TESS - SOFT FOCUS;;;;;;;
;STOCKETT, KATHRYN - THE HELP;;;;;;;
;STONE, DAVID - THE ORPHEUS DECEPTION;;;;;;;
;STONE, LISA - THE DARKNESS WITHIN;;;;;;;
;STOREY, ERIK  - NOTHING SHORT OF DYING;;;;;;;
;STOTT, REBECCA - THE CORAL THIEF;;;;;;;
;STROUT, ANTON - DEAD TO ME;;;;;;;
;STUART, AMY - STILL HERE;;;;;;;
;STYLES, DAISY - THE BOMB GIRLS' SECRETS;;;;;;;
;STYLES, DASY - THE BOMB GIRLS;;;;;;;
;SULLIVAN, CONNOR - SLEEPING BEAR;;;;;;;
;SULLIVAN, MAGGIE   - CHRISTMAS ON CORONATION STREET;;;;;;;
;SUNDIN, SARAH -  A DISTANT MELODY;;;;;;;
;SUNDIN, SARAH - BLUE SKIES TOMORROW;;;;;;;
;SWAN, KAREN - CHRISTMAS UNDER THE STARS;;;;;;;
;SWAN, KAREN - THE SUMMER WITHOUT YOU;;;;;;;
;SWAN, KAREN - TOGETHER BY CHRISTMAS;;;;;;;
;SWEENEY, LEANN - THE CAT, THE COLLECTOR AND THE KILLER;;;;;;;
;SWIFT, LISA - WHEN YOU WERE MINE;;;;;;;
;TAPPER, JAKE - THE HELLFIRE CLUB;;;;;;;
;TARTT, DONNA - THE GOLDFISH;;;;;;;
;TAYLOR, BRAD - AMERICAN TRAITOR;;;;;;;
;TAYLOR, C.L. - HER LAST HOLIDAY;;;;;;;
;TAYLOR, C.L. - STRANGERS;;;;;;;
;TAYLOR, D.J. - THE WINDSOR FACTION;;;;;;;
;TAYLOR, LULU - BEAUTIFUL CREATURES;;;;;;;
;TAYLOR, LULU - THE WINTER FOLLY;;;;;;;
;TAYLOR, LULU - THE WINTER SECRET;;;;;;;
;TENTLER, LESLIE - THE EDGE OF MIDNIGHT;;;;;;;
;TERRY, CANDIS - PERFECT FOR YOU;;;;;;;
;TERRY, CANDIS - TANGLED UP IN TINSEL;;;;;;;
;TESSARO, KATHLEEN - THE FLIRT;;;;;;;
;THACKERAY, WILLIAM MAKEPEACE - VANITY FAIR;;;;;;;
;THIEN, MADELEINE - DO NOT SAY WE HAVE NOTHING;;;;;;;
;THOEN, BODIE - DANZIG PASSAGE;;;;;;;
;THOMAS, AUGUST - LIAR'S CANDLE;;;;;;;
;THOMAS, CRAIG - THE LAST RAVEN;;;;;;;
;THOMAS, JOAN - FIVE WIVES;;;;;;;
;THOMAS, JULIE - RACHEL'S LEGACY;;;;;;;
;THOMAS, MAISIE - HOPE FOR THE RAILWAY GIRLS;;;;;;;
;THOMAS, MAISIE - THE RAILWAY GIRLS;;;;;;;
;THOMAS, SAM - THE MIDWIFE'S TALE;;;;;;;
;THOMAS, SHERRY - PRIVATE ARRANGEMENTS;;;;;;;
;THOMPSON, ELIZABETH - LOST IN PARIS;;;;;;;
;THOMPSON, KATE - SECRETS OF THE HOMEFRONTN GIRLS;;;;;;;
;THOMSON, LESLEY  - GHOST GIRL;;;;;;;
;THOMSON, LESLEY - THE DETECTIVE'S DAUGHTER;;;;;;;
;THOR, BRAD - FOREIGN AGENT;;;;;;;
;THORTON, MARGARET BRADHAM - CHARLESTON;;;;;;;
;THUY,  KIM - RU;;;;;;;
;TIFFANY CLARE - THE SURRENDER OF A LADY;;;;;;;
;TODD, CHARLES - A FATAL LIE;;;;;;;
;TOIBIN, COLM  - BROOKLYN;;;;;;;
;TORJUSSEN, MARY - THE GIRL I USED TO BE;;;;;;;
;TREMAYNE, S.K. - THE ASSISTANT;;;;;;;
;TRIGIANI, ADRIANA - TONY'S WIFE;;;;;;;
;TROLLOPE, JOANNA - DAUGHTERS-IN-LAW;;;;;;;
;TURNBULL, BRYN - THE LAST GRAND DUCHESS;;;;;;;
;TYLER, STEPHEN - UNBREAKABLE;;;;;;;
;UPSTAIRS AND BROWSE THE BOOKS. WE WILL BE OPEN;;;;;;;
;VAUGHAN, SARAH - LITTLE DISASTERS;;;;;;;
;VERANT, SAMANTHA - SEVEN LETTERS FROM PARIS;;;;;;;
;VERDI, R.R. - DANGEROUS WAYS (BOOK 1);;;;;;;
;VINCENZI, PENNY - A PERFECT HERITAGE;;;;;;;
;VORNHOLT, JOHN - STAR TREK - A TIME TO DIE;;;;;;;
;VORNHOLT, JOHN - STAR TREK A TIME TO BE BORN;;;;;;;
;WACHOWSKI, J. - IN PLAIN VIEW;;;;;;;
;WAGSTAFF, SASHA - WICKED GAMES;;;;;;;
;WALKER, FIONA - THE WOMAN WHO FELL IN LOVE FOR A WEEK;;;;;;;
;WALKER, MARTIN - THE COLDEST CASE;;;;;;;
;WALKER, WENDY - ALL IS NOT FORGOTTEN;;;;;;;
;WALLER, LESLIE - BLOOD DREAMS;;;;;;;
;WALSH, JACKIE - HER WHITE LIE;;;;;;;
;WALSH, ROSIE - GHOSTED;;;;;;;
;WALTERS, MINETTE - FOX EVIL;;;;;;;
;WARD, AMANDA EYRE - THE SAME SKY;;;;;;;
;WARE, CIJI - A RACE TO SPLENDOR;;;;;;;
;WATSON, RENEE - THIS SIDE OF HOME;;;;;;;
;WATSON, S.J - FINAL CUT;;;;;;;
;WATTERSON, KATE - FRACTURED;;;;;;;
;WATTS. JENNIFER - TRUE NORTH;;;;;;;
;WAUGH, DAISY - LAST DANCE WITH VALENTINO;;;;;;;
;WEATHERLEY, ANNA-LOU - BLACK HEART;;;;;;;
;WEATHERLEY, ANNA-LOU - PLEASURE ISLAND;;;;;;;
;WEATHERLEY, ANNA-LOU - THE STRANGER'S WIFE;;;;;;;
;WEATHERLEY, ANNA-LOU - WICKED WIVES;;;;;;;
;WEAVER, ASHLEY -  MURDER AT BRIGHTWELL;;;;;;;
;WEBB, BETTY -  DESERT RUN;;;;;;;
;WEBB, DEBRA - GONE TOO FAR;;;;;;;
;WEBB, DEBRA - OBSESSION;;;;;;;
;WEBB, DEBRA - RAGE;;;;;;;
;WEBB, DEBRA - REVENGE;;;;;;;
;WEBB, DEBRA - THE LIES WE TELL;;;;;;;
;WEBB, WENDY - THE VANISHING;;;;;;;
;WEDNESDAY, JULY 26 FROM 10 AM TO 2 PM. YOU CAN STILL ORDER ONLINE;;;;;;;
;WEIN, ELIZABETH - ROSE UNDER FIRE;;;;;;;
;WEINER, JENNIFER - GOOD IN BED;;;;;;;
;WEIR, ALISON - CAPTIVE QUEEN;;;;;;;
;WEIS, MARGARET & TRACY HICKMAN - DRAGONS FALLEN SUN;;;;;;;
;WELDON, FAY - HABITS OF THE HOUSE;;;;;;;
;WELLS, ROBISON - VARIANT;;;;;;;
;WEYN, SUZANNE  - DISTANT WAVES;;;;;;;
;WHIITAKER, GAIL  - REVENGE IN REGENCY SOCIETY;;;;;;;
;WHITE, KAREN - FLIGHT PATTERNS;;;;;;;
;WHITE, KAREN - THE SOUND OF GLASS;;;;;;;
;WHITE, ROSEANNA M. - ON WINGS OF DEVOTION;;;;;;;
;WHITE, ROSEANNA M. - THE NUMBER OF LOVE;;;;;;;
;WHITEHEAD, COLSON - THE UNDERGROUND RAILROAD;;;;;;;
;WHITESIDE, DIANE, MAGGIE ROBINSON & MIA MARLOWE - IMPROPER GENTLEMEN;;;;;;;
;WIBBERLEY, EMILY & AUSTIN SIEGMJUND-BROKA - ALWAYS NEVER YOURS;;;;;;;
;WIGGS, SUSAN - FIRESIDE;;;;;;;
;WIGGS, SUSAN - JUST BREATHE;;;;;;;
;WIGGS, SUSAN - THE LOST AND FOUND BOOKSHOP;;;;;;;
;WILD, MEREDITH - HARDPRESSED (BOOK TWO);;;;;;;
;WILD, MEREDITH - HARDWIRED (BOOK ONE);;;;;;;
;WILD, MEREDITH, HARDLINE (BOOK THREE);;;;;;;
;WILDE, LORI - MAD ABOUT YOU;;;;;;;
;WILDES, EMMA - LESSONS FROM A SCARLET LADY;;;;;;;
;WILHIDE, ELIZABETH - IF I COULD TELL YOU;;;;;;;
;WILKES, ELENA - KEEP MY SCRET;;;;;;;
;WILLBERG, T.A. - MARION LANE AND THE MIDNIGHT MURDER;;;;;;;
;WILLETT, MARCIA - CHIRSTMAN IN CORNWALL;;;;;;;
;WILLETT, MARCIA - MEMORIES OF THE STORM;;;;;;;
;WILLIAMS, ANDRIA - THE LONGEST NIGHT;;;;;;;
;WILLIAMS, BEARIZ, LAUREN WILLIG & KAREN WHITE - ALL TH WAYS WE SAID GOODBYE(lp);;;;;;;
;WILLIAMS, BEATRIZ - A HUNDRED SUMMERS;;;;;;;
;WILLIAMS, BEATRIZ - ALONG THE INFINITE SEA;;;;;;;
;WILLIAMS, BEATRIZ - COCOA BEACH;;;;;;;
;WILLIAMS, BEATRIZ - HER LAST FLIGHT (large print);;;;;;;
;WILLIAMS, BEATRIZ - OVERSEAS;;;;;;;
;WILLIAMS, KATE - THE EDGE OF THE FALL;;;;;;;
;WILLIAMS, KATE - THE PLEASURES OF MEN;;;;;;;
;WILLIAMS, SYNITHIA - FOOLISH HEART;;;;;;;
;WILLIAMS, T.A. - DREAMING OF CHRISTMAS;;;;;;;
;WILLIAMS, T.A. - DREAMING OF VERONA;;;;;;;
;WILLIAMS, T.A. - SECRETS ON THE ITALIAN ISLAND;;;;;;;
;WILLIAMSON, BETH - UNBRIDLED;;;;;;;
;WILLIG, LAURA - THE MARK OF THE MIDNIGHT MANZANILLA;;;;;;;
;WILLIG, LAUREN - THAT SUMMER;;;;;;;
;WILSHER, SUE - THE COPPERETTES AT WAR;;;;;;;
;WILTON, TRACI - MRS. MARRIS AND THE VAMPIRE;;;;;;;
;WINE, MARY - HIGHLAND HELLCAT;;;;;;;
;WINFREE, LINDA - FALL INTO ME;;;;;;;
;WINGATE, LISA  - BEFORE WE WERE YOURS;;;;;;;
;WINGATE, MARTY - GLAMOUR GIRLS;;;;;;;
;WINSLOW, DON - THE FORCE;;;;;;;
;WINSPEAR, JACQUELINE - BIRDS OF A FEATHER;;;;;;;
;WINSPEAR, JACQUELINE - ELEGY FOR EDDIE;;;;;;;
;WINSPEAR, JACQUELINE - IN THIS GRAVE HOUR;;;;;;;
;WINTERS, ANGELA - ALMOST DOESN'T COUNT;;;;;;;
;WINTERS, PEPPER - SIN AND SUFFER;;;;;;;
;WONG, SANDRA S G - IN THE DARK WE FORGET;;;;;;;
;WOOD, TRACEY ENERSON - THE ENGINEER'S WIFE;;;;;;;
;WOODMAN, CATHY - FOLLOW ME HOME;;;;;;;
;WOODS, SHERRYL - ASK ANYONE;;;;;;;
;WOODS, SHERRYL - LOVE;;;;;;;
;WOODS, SHERRYL - STEALING HOME;;;;;;;
;WOODS, STUART  - DOUBLE JEOPARDY;;;;;;;
;WOODS, STUART - CHIEFS;;;;;;;
;WOODS, STUART - STEALTH;;;;;;;
;WOODS, STUART - UNNATURAL ACTS;;;;;;;
;WRIGHT, DEBORAH - THE CELEBRITY MOTHER;;;;;;;
;WRIGHT, K. - LOVE IN MID AIR;;;;;;;
;WRIGHT, L.R. - A TOUCH OF PANIC;;;;;;;
;WRIGHT, L.R. - MENACE;;;;;;;
;WYATT, TARA - PRIMAL INSTINCT;;;;;;;
;WYLDE, JOANNA - REAPER'S FALL;;;;;;;
;WYLDE, JOANNA - REAPER'S LEGACY;;;;;;;
;YORK, REBECCA -BEYOND FEARLESS;;;;;;;
;ZANETTI, REBECCA - BROKEN;;;;;;;
;ZANETTI, REBECCA - FALLEN;;;;;;;
;ZETTEL, SARAH - A MOTHER'S LIE;;;;;;;
;;;;;;;;
;;;;;;;;
;;;;;;;;
;;;;;;;;
;;;;;;;;
;;;;;;;;
;;;;;;;;
;;;;;;;;
;;;;;;;;
;;;;;;;;
;;;;;;;;
;;;;;;;;
;;;;;;;;
;;;;;;;;
;;;;;;;;
;;;;;;;;
;;;;;;;;
;;;;;;;;
;;;;;;;;
;;;;;;;;
;;;;;;;;
;;;;;;;;
;;;;;;;;
;;;;;;;;
;;;;;;;;
;;;;;;;;
;;;;;;;;
;;;;;;;;
;;;;;;;;
;;;;;;;;
;;;;;;;;
;;;;;;;;
;;;;;;;;
;;;;;;;;
;;;;;;;;
;;;;;;;;
;;;;;;;;
;;;;;;;;
;;;;;;;;
;;;;;;;;
;;;;;;;;
;;;;;;;;
;;;;;;;;
;;;;;;;;
;;;;;;;;
;;;;;;;;
;;;;;;;;
;;;;;;;;
;;;;;;;;
;;;;;;;;
;;;;;;;;
;;;;;;;;
;;;;;;;;
;;;;;;;;
;;;;;;;;
;;;;;;;;
;;;;;;;;
;;;;;;;;
;;;;;;;;
;;;;;;;;
;;;;;;;;
;;;;;;;;
;;;;;;;;
;;;;;;;;
;;;;;;;;
;;;;;;;;
;;;;;;;;
;;;;;;;;
;;;;;;;;
;;;;;;;;
;;;;;;;;
;;;;;;;;
;;;;;;;;
;;;;;;;;
;;;;;;;;
;;;;;;;;
;;;;;;;;
;;;;;;;;
;;;;;;;;
;;;;;;;;
;;;;;;;;
;;;;;;;;
;;;;;;;;
;;;;;;;;
;;;;;;;;
;;;;;;;;
;;;;;;;;
;;;;;;;;
;;;;;;;;
;;;;;;;;
;;;;;;;;
;;;;;;;;
;;;;;;;;
;;;;;;;;
;;;;;;;;
;;;;;;;;
;;;;;;;;
;;;;;;;;
;;;;;;;;
;;;;;;;;
;;;;;;;;
;;;;;;;;
;;;;;;;;
;;;;;;;;
;;;;;;;;
;;;;;;;;
;;;;;;;;
;;;;;;;;
;;;;;;;;
;;;;;;;;
;;;;;;;;
;;;;;;;;
;;;;;;;;
;;;;;;;;
;;;;;;;;
;;;;;;;;
;;;;;;;;
;;;;;;;;
;;;;;;;;
;;;;;;;;
;;;;;;;;
;;;;;;;;
;;;;;;;;
;;;;;;;;
;;;;;;;;
;;;;;;;;
;;;;;;;;
;;;;;;;;
;;;;;;;;
;;;;;;;;
;;;;;;;;
;;;;;;;;
;;;;;;;;
;;;;;;;;
;;;;;;;;
;;;;;;;;
;;;;;;;;
;;;;;;;;
;;;;;;;;
;;;;;;;;
;;;;;;;;
;;;;;;;;
;;;;;;;;
;;;;;;;;
;;;;;;;;
;;;;;;;;
;;;;;;;;
;;;;;;;;
;;;;;;;;
;;;;;;;;
;;;;;;;;
;;;;;;;;
;;;;;;;;
;;;;;;;;
;;;;;;;;
;;;;;;;;
;;;;;;;;
;;;;;;;;
;;;;;;;;
;;;;;;;;
;;;;;;;;
;;;;;;;;
;;;;;;;;
;;;;;;;;
;;;;;;;;
;;;;;;;;
;;;;;;;;
;;;;;;;;
;;;;;;;;
;;;;;;;;
;;;;;;;;
;;;;;;;;
;;;;;;;;
;;;;;;;;
;;;;;;;;
;;;;;;;;
;;;;;;;;
;;;;;;;;
;;;;;;;;
;;;;;;;;
;;;;;;;;
;;;;;;;;
;;;;;;;;
;;;;;;;;
;;;;;;;;
;;;;;;;;
;;;;;;;;
;;;;;;;;
;;;;;;;;
;;;;;;;;
;;;;;;;;
;;;;;;;;
;;;;;;;;
;;;;;;;;
;;;;;;;;
;;;;;;;;
;;;;;;;;
;;;;;;;;
;;;;;;;;
;;;;;;;;
;;;;;;;;
;;;;;;;;
;;;;;;;;
;;;;;;;;
;;;;;;;;
;;;;;;;;
;;;;;;;;
;;;;;;;;
;;;;;;;;
;;;;;;;;
;;;;;;;;
;;;;;;;;
;;;;;;;;
;;;;;;;;
;;;;;;;;
;;;;;;;;
;;;;;;;;
;;;;;;;;
;;;;;;;;
;;;;;;;;
;;;;;;;;
;;;;;;;;
;;;;;;;;
;;;;;;;;
;;;;;;;;
;;;;;;;;
;;;;;;;;
;;;;;;;;
;;;;;;;;
;;;;;;;;
;;;;;;;;
;;;;;;;;
;;;;;;;;
;;;;;;;;
;;;;;;;;
;;;;;;;;
;;;;;;;;
;;;;;;;;
;;;;;;;;
;;;;;;;;
;;;;;;;;
;;;;;;;;
;;;;;;;;
;;;;;;;;
;;;;;;;;
;;;;;;;;
;;;;;;;;
;;;;;;;;
;;;;;;;;
;;;;;;;;
;;;;;;;;
;;;;;;;;
;;;;;;;;
;;;;;;;;
;;;;;;;;
;;;;;;;;
;;;;;;;;
;;;;;;;;
;;;;;;;;
;;;;;;;;
;;;;;;;;
;;;;;;;;
;;;;;;;;
;;;;;;;;
;;;;;;;;
;;;;;;;;
;;;;;;;;
;;;;;;;;
;;;;;;;;
;;;;;;;;
;;;;;;;;
;;;;;;;;
;;;;;;;;
;;;;;;;;
;;;;;;;;
;;;;;;;;
;;;;;;;;
;;;;;;;;
;;;;;;;;
;;;;;;;;
;;;;;;;;
;;;;;;;;
;;;;;;;;
;;;;;;;;
;;;;;;;;
;;;;;;;;
;;;;;;;;
;;;;;;;;
;;;;;;;;
;;;;;;;;
;;;;;;;;
;;;;;;;;
;;;;;;;;
;;;;;;;;
;;;;;;;;
;;;;;;;;
;;;;;;;;
;;;;;;;;
;;;;;;;;
;;;;;;;;
;;;;;;;;
;;;;;;;;
;;;;;;;;
;;;;;;;;
;;;;;;;;
;;;;;;;;
;;;;;;;;
;;;;;;;;
;;;;;;;;
;;;;;;;;
;;;;;;;;
;;;;;;;;
;;;;;;;;
;;;;;;;;
;;;;;;;;
;;;;;;;;
;;;;;;;;
;;;;;;;;
;;;;;;;;
;;;;;;;;
;;;;;;;;
;;;;;;;;
;;;;;;;;
;;;;;;;;
;;;;;;;;
;;;;;;;;
;;;;;;;;
;;;;;;;;
;;;;;;;;
;;;;;;;;
;;;;;;;;
;;;;;;;;
;;;;;;;;
;;;;;;;;
;;;;;;;;
;;;;;;;;
;;;;;;;;