BACH, LAUREN - PURE DYNAMITE
BAGSHAWE, TILLY - CHASING TOMORROW
BAKER, CHANDLER - THE HUSBANDS
BAKER, KEVIN - STRIVERS ROW
BALDACCI, DAVID - REDEMPTION
BALDACCI, DAVID - SPLIT SECOND
BALDACCI, DAVID - THE WHOLE TRUTH
BALDACCI, DAVID - WALK THE WIRE
BANKS, MAYA - NEVER SEDUCE A SCOT
BANNER, A.J. - THE TWILIGHT WIFE
BANTWAL, SHOBHAN - THE RELUCTANT MATCHMAKER
BARBER, KATHLEEN - TRUTH BE TOLD
BARNES, JULIAN - THE ONLY STORY
BARNES, MARGARET CAMPBELL - MARY OF CARISBROOKE
BARNHARDT, WILTON - LOOKAWAY, LOOKAWAY
BARRETT, KERRY - THE GIRL IN THE PICTURE
BARRETT, LORNA - BOOK CLUB
BARRETT, LORNA - SENTENCED TO DEATH
BARRY, SEBASTIAN - THE STREET SCRIPTURE
BARTLETT, LILLY - THE SECOND CHANCE CAFE IN CARLTON SQUARE
BARTON, FIONA - THE CHILD
BARTON, FIONA - THE SUSPECT
BARTON, FIONA - THE WIDOW
BAXTER, LILY - THE GIRLS IN BLUE
BAXTER, LILY - THE SPITFIRE GIRL
BEAH, ISHMAIL - RADIANCE OF TOMORROW
BEARD, JANET - ATOMIC CITY GIRLS
BEECHAM, CAROLINE - WHEN WE MEET AGAIN
BELL, DARCEY - A SIMPLE FAVOUR
BELL, DAVID - BRING HER HOME
BELL, DAVID - SINCE SHE WENT AWAY
BELL, KIMBERLY - A SCANDAL BY ANY OTHER NAME
BELLE, KIMBERLEY - STRANGER IN THE LAKE
BELLE, KIMBERLY - THREE DAYS MISSING
BERENSON, ALEX - THE MIDNIGHT HOUSE
BERENSON, ALEX - THE SECRET SOLDIER
BERENSON, ALEX - THE SHADOW PATROL
BETTS, CHARLOTTE - THE HOUSE IN QUILL COURT
BEZMOZGIS, DAVID - THE FREE WORLD
BILLINGSLEY, RESHONDA TATE - A GOOD MAN IS HARD TO FIND
BINCHY, MAEVE - SCARLET FEATHER
BINCHY, MAEVE - WHITEHORN WOODS
BIRMINGHAM, JOHN - ASCENDANCE
BISHOP, ANNE - WRITTEN IN RED
BISHOP, CAROLINE - THE OTHER DAUGHTER
BLACK, BENJAMIN - ELEGY FOR APRIL
BLACK, BENJAMIN - HOLY ORDERS
BLACK, SHAYLA - DEVOTED TO LOVE
BLACK, SHAYLA - MINE TO HOLD
BLACKWELL, JULIET - OFF THE WILD COAST OF BRITTANY
BLAEDEL, SARA - THE FORGOTTEN GIRLS
BLAKE, SARAH - THE POSTMISTRESS
BLANCHARD, ALICE - A BREATH AFTER DROWNING
BLISS, LAURALEE - RED ROCK WEDDINGS
BLOCK, S - A WOMAN'S COURAGE
BLOCK, S - A WOMAN'S WAR
BOBET, LEAH - AN INHERITANCE OF ASHES
BOHJOLIAN, CHRIS - THE FLIGHT ATTENDANT
BOLAND, SHALINI - THE PERFECT FAMILY
BOMBECK, ERMA - THE TIES THAT BIND AND GAG
BOSOMWORTH, JENNIFER - STUCK
BOX, C.J. - PARADISE VALLEY
BOYE, ELIZABETH - LOVE LETTERS FROM A DUKE
BRADFORD, BARBARA TAYLOR - SECRETS OF CAVENDON
BRASHARES, ANN - GIRLS IN PANTS THE THIRD SUMMER OF SISTERHOOD
BRASHARES, ANN - FOREVER IN BLUE
BRENNAN, ALLISON - FEAR NO EVIL
BRENNAN, ALLISON - THE SORORITY MURDER
BRENNAN, ALLISON - THE WRONG VICTIM
BRETON, LAURIE - LETHAL LIES
BROCKMANN, SUZANNE - BORN IN DARKNESS
BROCKMANN, SUZANNE - FORCE OF NATURE
BROOKE, AMANDA - THE WIDOW CLUB
BROOKS, GERALDINE - CALEB'S CROSSING
BROOKS, GERALDINE - THE SECRET CHORD
BROOKS, KAREN - THE CHOCOLATE MAKER'S WIFE
BROWN, DAN - INFERNO
BROWN, DAN - THE DI VINCI CODE
BROWN, DAN - THE LOST SYMBOL
BROWN, DUFFY - LETHAL IN OLD LACE
BROWN, ELEANOR - THE WEIRD SISTERS
BROWN, ERIC - THE PROMISE
BROWN, KARMA - RECIPE FOR A PERFECT WIFE
BROWN, KATE LORD - THE HOUSE OF DREAMS
BROWN, KATE LORD - THE PERFUME GARDEN
BROWN, SANDRA - BEST KEPT SECRETS
BROWN, SANDRA - BREATH OF SCANDAL
BROWN, SANDRA - EXCLUSIVE
BROWN, SANDRA - HELLO DARKNESS
BROWN, SANDRA - LETHAL
BROWN, SANDRA - LOW PRESSUE
BROWN, SANDRA - MIRROR IMAGE
BROWN, SANDRA - OVERKILL
BROWN, SANDRA - PLAY DIRTY
BROWN, SANDRA - SMOKE SCREEN
BROWN, SANDRA - STING
BROWN, SANDRA - SWEET ANGER
BROWN, SANDRA - THE SWITCH
BROWN, SANDRA - THE WITNESS
BROWN, SANDRA - THURSDAY'S CHILD
BROWN, SANDRA - TOUGH CUSTOMER
BROWN, T.J. - SUMMERSET ABBEY
BROWNE, SHERYL - THE AFFAIR
BRUHNS, NINA - IF LOOKS COULD KILL
BRUHNS, NINA - RED HEAT
BRUHNS, NINA - SHOOT TO THRILL
BRYAN, HELEN - WAR BRIDES
BUCHMAN, M.L. - I OWN THE DAWN
BURKE, ALAFAIR - THE BETTER SISTER
BURROWES, GRACE - THE MacGREGOR'S LADY
BURROWS, ANNIE - COURTSHIP IN THE REGENCY BALLROOM
BURTON, JACI - CHANGING THE GAME
BURTON, JACI - HOPE IGNITES
BURTON, JACI - NOTHING PERSONAL
BURTON, JACI - PLAYING TO WIN
BURTON, JACI - RIDING THE NIGHT
BURTON, JACI - TAKING A SHOT
BURTON, JACI - THROWN BY A CURVE
BURTON, LOUISA - THE GARDEN OF SIN
BURTON, MARY - BE AFRAID
BURTON, MARY - I'M WATCHING YOU
BUSBEE, SHIRLEE - SURRENDER BECOMES HER
BUSH, NANCY - BAD THINGS
BUSH, NANCY - YOU CAN'T ESCAPE
BUSHNELL, CANDACE - ONE FIFTH AVENUE
BUTLER, J.L. - MINE
BYBEE, CATHERINE - TAKEN BY TUESDAY
BYERS, MICHAEL - THE UNFIXED STARS
CABOT, MEG - AVALON HIGH
CABOT, MEG - THE BOY IS BACK
CAHN, JONATHAN - THE HARBINGER 11 THE RETURN
CALETTI, DEB - THE FORTUNES OF INDIGO SKYE
CALETTI, DEB - WILD ROSES
CALLOW, PAMELA - INDEFENSIBLE
CALVERT, CANDACE - TRAUMA PLAN
CAMERON, W. BRUCE - THE DOGS OF CHRISTMAS
CAMILLERI, ANDREA - THE AGE OF DOUBT
CAMPBELL, BONNIE JO - ONCE UPON A RIVER
CAMPBELL, MICHELE - SHE WAS THE QUIET ONE
CAMPBELL, MICHELLE - A STRANGER ON THE BEACH
CANHAN, MARSHA - MY FOREVER LOVE
CAREY, ELLA - A NEW YORK SECRET
CAREY, ELLA - FROM A PARIS BALCONY
CARR, ROBYN - RETURN TO VIRGIN RIVER
CARR, ROBYN - SUNRISE ON HALF MOON BAY
CARR, ROBYN - THE COUNTRY GUESTHOUSE
CARR, ROBYN - THE LIFE SHE WANTS
CARR, ROBYN - THE VIEW FROM ALAMEIDA ISLAND
CARROLL, CLAUDIA - A SECRET SOMEONE
CASTILE, ZOEY - STRIPPED
CASTILLO, LINDA - DEPTH PERCEPTION
CASTILLO, LINDA - FALLEN
CASTILLO, LINDA - OUTSIDER
CASTILLO, LINDA - SHAMED
CHAMBERLAIN, HOLLY - THE SUMMER NANNY
CHANCE, REBECCA - BAD ANGELS
CHANCE, REBECCA - BAD BRIDES
CHASE, EVE - BLACK RABBIT HALL
CHASE, F.J. - BARGAIN WITH THE DEVIL
CHEFITZ, MITCHELL - THE THIRTY-FOUR HOUR
CHEFITZ, MITCHELL - THE THIRTY-THIRD HOUR
CHIAVERINI, JENNIFER - ELM CREEK QUILTS
CHIAVERINI, JENNIFER - THE LOST QUILTER
CHILD, LEE - MAKE ME
CHILD, LEE - THE HARD WAY
CHOUINARD, M.M. - HER DAUGHTER'S CRY
CHRISTIE, AGATHA - HALLOWE'EN PARTY
CHRISTOPHER, PAUL - THE TEMPLAR CROSS
CHRISTOPHER, PAUL - THE LUCIFER GOSPEL
CHRISTOPHER, PAUL - REMBRANDT'S GHOST
CHRISTOPHER, PAUL - THE SWORD OF THE TEMPLARS
CHRISTOPHER, PAUL - THE TEMPLAR CONSPIRACY
CHRISTOPHER, PAUL - THE TEMPLAR LEGION
CHRISTOPHER, PAUL - THE TEMPLAR THRONE
CHRISTOPHER, PAUL - VALLEY OF THE TEMPLARS
CLANCY, TOM - DEBT OF HONOR
CLANCY, TOM (written by Jeff Rovin & George Galdoresi) - DARK ZONE
CLANCY, TOM (written by Jerome Preisler) - POWER PLAYS
CLANCY, TOM BY MARK GREANEY - TRUE FAITH AND ALLEGIANCE
CLANCY, TOM BY MIKE MADEN - ENEMY CONTACT
CLANCY, TOM BY MIKE MADEN - FIRING POINT
CLANCY, TOM WITH MARK GREANEY - THREAT VECTOR
CLARK, CAROL HIGGINS - ICED
CLARK, CAROL HIGGINS - ZAPPED
CLARK, MARY HIGGINS - I'LL WALK ALONE
CLARK, MARY HIGGINS - I'VE GOT YOU UNDER MY SKIN
CLARK, MARY HIGGINS - MOONLIGHT BECOMES YOU
CLARK, MARY HIGGINS - NIGHT TIME IS MY TIME
CLARK, MARY HIGGINS - PRETEND YOU DON'T SEE HER
CLARK, MARY HIGGINS - THE LOTTERY WINNER
CLARK, MARY HIGGINS - WE'LL MEET AGAIN
CLARK, MARY HIGGINS - WHERE ARE YOU NOW?
CLARK, MARY HIGGINS - YOU DON'T OWN ME
CLARK, MARY HIGGINS -DEATH WEARS A BEAUTY MASK AND OTHER STORIES
CLEETON, CHANEL - NEXT YEAR IN HAVANA
CLEETON, CHANEL -ON BROKEN WINGS
COBB, MAY - THE HUNTING WIVES
COBEN, HARLAN - THE BOY FROM THE WOODS
COBLE, COLLEEN - SILENT NIGHT, HOLY NIGHT
COE, JONATHAN - THE TERRIBLE PRIVACY OF MAXWELL SIM
COES, ANDREW - INDEPENDENCE DAY
COHEN, TAMAR - THE MISTRESS'S REVENGE
COHEN, TISH - THE SECOND ANGEL
COHEN, TISH - THE SUMMER WE LOST HER
COLE, KRESLEY - THE PROFESSIONAL
COLE, MARTINA - FACES
COLE, MARTINA - THE LIFE
COLE, MEGAN - FORTUNE
COLE, MEGAN - RICHE$
COLE, SCARLETT - LENNON REBORN
COLE, SCARLETT - NIKAN REBUILT
COLLINS, JACKIE - DEADLY EMBRACE
COLLINS, JOAN - ST. TROPEZ LONELY HEARTS CLUB
CONNELLY, M ICHAEL - A DARKNESS MORE THAN SIGHT
CONNELLY, MICHAEL - BLOOD WORK
CONNELLY, MICHAEL - CHASING THE DIME
CONNELLY, MICHAEL - CITY OF BONES
CONNELLY, MICHAEL - DARK SCARED NIGHT
CONNELLY, MICHAEL - FAIR WARNING
CONNELLY, MICHAEL - THE BRASS VERDICT
CONNELLY, MICHAEL - THE BURNING ROOM
CONNELLY, MICHAEL - THE CROSSING
CONNELLY, MICHAEL - THE DARK HOURS
CONNELLY, MICHAEL - THE GODS OF GUILT
CONNELLY, MICHAEL - THE LATE SHOW
CONNELLY, MICHAEL - THE LAW OF INNOCENCE
CONNELLY, MICHAEL - THE NARROWS
CONNELLY, MICHAEL - THE WRONG SIDE OF GOODBYE
CONNELLY, MICHAEL - VOID MOON
CONNELLY, MICHAEL-THE HARRY BOSCH NOVELS THE LAST COYOTE,TRUNK MUSIC,ANGELS FIGHT
CONNOLLLY, JOHN - THE UNQUIET
CONNOLLY, JOHN - THE BURNING SOUL
COOK, ROBIN - FATAL CURE
COOK, ROBIN - HOST
COOKSON, CATHERINE - THE GIRL FROM LEAM LANE
COONTS, STEPHAN - DEEP BLACK
COOPER, HELEN - THE DOWNSTAIRS NEIGHBOR
CORDOVA, ZORAIDA - THE INHERITANCE OF ORQUIDEA DIVINA
CORNICK, NICOLA HOUSE OF SHADOW
CORNWALL, LECIA - THE WOMAN AT THE FRONT
CORNWELL, PATRICIA - DEPRAVED HEART
CORNWELL, PATRICIA - DUST
CORNWELL, PATRICIA - FLESH AND BLOOD
CORNWELL, PATRICIA - PORT MORTUARY
CORNWELL, PATRICIA - SCARPETTA
COTERILL, COLIN - GRANDAD, THERE'S A HEAD ON THE BEACH
COULTER CATHERINE - THE MAZE
COULTER, CATHERINE -ROSEHAVEN
COULTER, CATHERINE - BORN TO BE WILD
COULTER, CATHERINE - BLOW OUT
COULTER, CATHERINE - TAILSPIN
COULTER, CATHERINE - THE OFFER
COULTER, CATHERINE - BACK FIRE
COULTER, CATHERINE - BEYOND EDEN
COULTER, CATHERINE - BLIND SIDE
COULTER, CATHERINE - DEADLOCK
COULTER, CATHERINE - DOUBLE TAKE
COULTER, CATHERINE - ELEVENTH HOUR
COULTER, CATHERINE - HEMLOCK BAY
COULTER, CATHERINE - KNOCK OUT
COULTER, CATHERINE - LYONS GATE
COULTER, CATHERINE - NEMESIS
COULTER, CATHERINE - PARADOX
COULTER, CATHERINE - POINT BLANK
COULTER, CATHERINE - RECKONING
COULTER, CATHERINE - SPLIT SECOND
COULTER, CATHERINE - TAILSPIN
COULTER, CATHERINE - THE END GAME
COULTER, CATHERINE - THE PRINCE OF RAVENSCAR
COULTER, CATHERINE - THE SCOTTISH BRIDE
COULTER, CATHERINE - THE SHERBROOKE TWINS
COULTER, CATHERINE - THE VALCOURT HEIRESS
COULTER, CATHERINE - THE WNDHAM LEGACY
COULTER, CATHERINE & J.T. ELLISON - THE DEVIL'S TRAINGLE
COULTER, CATHERINE & J.T. ELLISON - THE LAST SECOND
COULTER, CATHERINE & J.T. ELLISON - THE SIXTH DAY
COURT, DILLY - THE CHRISTMAS WEDDING
COURT, DILLY - THE CONSTANT HEART
COURT, DILLY - NETTIE'S SECRET
COURT, DILLY - THE CHRISTMAS ROSE
COURT, DILLY - THE RIVER MAID
COURT, DILLY - THE SUMMER MAIDEN
COURT, DILLY - THE SWAN MAID
COX, JOSEPHINE - JINNIE
CRAIS, ROBERT - THE WATCHMAN
CRAM, BUFFY - RADIO BELLY
CRAWFORD, KIRSTY - THE SECRET LIFE OF HUSBANDS
CRICHTON, MCHAEL - DRAGON TEETH
CRICHTON, MICHAEL - STATE OF FEAR
CRICHTON, MICHAEL - THE ANDROMEDA EVOLUTION
CROFT, KATHRYN - THE OTHER HUSBAND
CROMBIE, DEBORAH - A SHARE IN DEATH/NOW MAY YOU SLEEP
CROSS, DONNA WOOLFORD - POPE JOAN
CRUMMEY, MICHAEL - THE INNOCENTS
CUMMING, CHARLES - A FOEIGN COUNTRY
CUNNING OLIVIA - WICKED BEAT
DALTON, JULE CARRICK - WAITING FOR THE NIGHT SONG
DAVID, PETER - FALL OF NIGHT
DAVIS, DEE - DARK DECEPTIONS
DAVIS, KRISTA - NOT A CREATURE WAS PURRING
DAWSON, LUCY - THE MEMORY
DAY, SYLVIA - AFTERBURN/AFTERSHOCK
DAY, SYLVIA - BUTTERFLIES IN FROST
DAY, SYLVIA - DON'T TEMPT ME
DE GRAMONT, NINA - THE CHRISTIE AFFAIR
de la MOTTE , ANDERS - GAME
de la MOTTE, ANDERS - THE MISSING INFORMANT
DE LINT, CHARLES - THE BLUE GIRL
DE LOS SANTOS, MARISA - BELONG TO ME
de ROSNAY, TATIANA - SARAH'S KEY
DE ROSNAY, TATIANA - THE HOUSE I LOVED
DEAN, ELLIE - HOMECOMING
DEAN, ELLIE - THERE'LL BE BLUE SKIES
DEAN, REBECCA - ENEMIES OF THE HEART
DEAN, REBECCA - THE GOLDEN PRINCE
DEAVER, JEFFREY - THE VANISHED MAN
DEAVER, JEFFERY - SOLITUDE CREEK
DEAVER, JEFFERY - THE STEEL KISS
DEAVER, JEFFREY - MORE TWISTED
DEAVER, JEFFREY - THE BURNING WIRE
DEAVER, JEFFREY - THE EMPTY CHAIR
DEAVER, JEFFREY - THE ROOM
DECANDIDO, KEITH R.R. - SUPERNATURAL NVERMORE
DEKKER, RACHELLE - WHEN THROUGH DEEP WAERS
DELANEY, J.P. - PLAYING NICE
DELANEY, J.P. - THE GIRL BEFORE
DENESON, JANELLE, TINA DONAHUE AND SHARON CULLARS - BAD BOYS IWTH RED ROSES
DENZIL, SARAH A. - SAVING APRIL
DESANTI, CAROLE - THE UNRULY PASSIONS OF EUGENIE R.
DEVERAUX, JUDE - ALWAYS
DEVERAUX, JUDE - CHANGE OF HEART
DEVERAUX, JUDE - FIRST IMPRESSIONS
DEVERAUX, JUDE - FOREVER AND ALWAYS
DEVERAUX, JUDE - LAVENDER MORNING
DEVERAUX, JUDE - MOONLIGHT MASQUERADE
DEVERAUX, JUDE - STRANGER IN THE MOONLIGHT
DEVERAUX, JUDE - TEMPTATION
DeWITT, ABIGAIL - NEWS OF OUR LOVED ONES
DIAZ, LENA - EXIT STRATEGY
DICKENS, CHARLES - GREAT EXPECTATIONS
DIMON, HELENKAY - FALLING HARD
DOBBS, MICHAEL - CHURCHILL'S TRIUMPH
DODD, CHRISTINA - VIRTUE FALLS
DODD, CHRISTINA - DANGEROUS LADIES
DODD, CHRISTINA - SCANDALOUS AGAIN
DOGG, CHRISTINA - CLOSE TO YOU
DONNELLY, JENNIFER - THE WILD ROSE
DORRIE, NADINE - THE ANGELS OF LOVELY LANE
DOSTOEVSKY, FYODOR - THE BROTHERS KARAMAZOV
DOUGLAS, KATE - REDEMPTION
DOWLING, CLARE - TOO CLOSE FOR COMFORT
DOWNES, ANNA - THE SHADOW HOUSE
DRABBLE, MARGARET - THE DARK FLOOD RISES
DRAKE, PIPER J. - ABSOLUTE TRUST
DRAKE, SHANNON - DEAD BY DUSK
DRAPER, SOPHIE - A STRANGER IN OUR HOME
DRAPER, SOPHIE - THE HOUSE OF SECRETS
DUGONI, ROBERT - THE JURY MASTER
DUNANT, SARAH - SACRED HEARTS
DUNNE, DOMINICK - A SEASON IN PURGATORY
DYBEK, NICK - THE VERDUN AFFAIR
DYKES, AMANDA - WHOSE WAVES THESE ARE
DYKES, AMANDA - YOURS IS THE NIGHT
EASON, LYNETTE - CODE OF VALOR
EAST, PHILIPA - SAFE AND SOUND
EDEN, CYNTHIA - DEADLY LIES
EDEN, SARAH - THE KISS OF A STRANGER
EICHER, JERRY S. - A DREAM FOR HANNAH
EKBACK, CECILIA - WOLF WINTER
ELLASBERG, JAN - HANNAH'S WAR
ELLIS, KAREN - A MAP OF THE DARK
ELLISON, RALPH - THREE DAYS BEFORE THE SHOOTING
ELLSWORTH, LORETTA - STARS OVER CLEAR LAKE
ELLWOOD, NUALA - MY SISTERS BONES
ELPHINSTONE MARGARET - LIGHT
EMERSON, KATE - SECRETS OF THE TUDOR COURT BY ROYAL DECREE
ENDICOTT, MARINA - THE LITTLE SHADOW
ENGBERG, KATRINE - THE BUTTERFLY HOUSE
ERDMAN, PAUL - THE PANIC OF'89
ERSKINE, BARBARA - HIDING FROM THE LIGHT
EVANS, LISSA - THEIR FINEST
EWING, AMY - THE WHITE ROSE
FADER, MOLLY - THE McAVOY SISTERS BOOK OF SECRETS
FALLON, SIOBHAN - THE CONFUSION OF LANGUAGES
FAYE, LNDSAY - THE GODS OF GOTHAM
FEATHER, JANE - TRAPPED AT THE ALTAR
FELDMAN, ELLEN - PARIS NEVER LEAVES YOU
FELLOWS, JESSICA - THE MITFORD MURDERS
FENSKY, TAWNA - THE TWO-DATE RULE
FENWICK, LIZ - UNDER A CORNISH SKY
FERENCIK, ERICA - INTO THE JUNGLE
FERGUSON, SARAH - HER HEART FOR A COMPASS
FERGUSON, WILL - 419
FERNANDO, CHANTAL - CUSTOM BUILT
FERNANDO, CHANTAL - DRAGON'S LAIR
FERRANTES, ELENA - MY BRILLIANT FRIEND
FERRARIS, ZOE - KINGDOM OF STRANGERS
FERRELL, CHARITY - JUST NEIGHBORS
FERTIC, JUDITH - THE MEMORY OF LEMON
FEWINGS, VANESSA - THE CHASE
FEWINGS, VANESSA - THE GAME
FIELDING, HELEN - BRIDGET JONES THE EDGE OF REASON
FIELDING, HENRY - TOM HONES
FIELDING, JOY - THE OTHER WOMAN
FIELDS, HELEN - PERFECT SILENCE
FIELDS, HELEN - THE SHADOW MAN
FINDER, JOSEPH - THE SWITCH
FINGERMAN, BOB - PARIAH
FINLAY, ALEX - EVERY LAST FEAR
FINN, A.J. - THE WOMAN IN THE WINDOW
FISHER, KERRY - THE WOMAN I WAS BEFORE
FISHER, SUZANNE WOODS - ONE SUMMER TALE
FISHER, TARRYN - THE WRONG FAMILY
FLEET, REBECCA - THE SECOND WIFE
FLORAND, LAURA - THE CHOCOLATE THIEF
FLYNN, GILLIAN - GONE GIRL
FLYNN, KATIE - A SUMMER PROMISE
FLYNN, VINCE - ACTS OF TREASON
FLYNN, VINCE - CONSETN TO KILL
FLYNN, VINCE - ENEMY OF THE STATE
FLYNN, VINCE - LETHAL AGENT
FLYNN, VINCE - PROTECT AND DEFEND
FLYNN, VINCE - PURSUIT OF HONOR (LARGE PRINT)
FLYNN, VINCE - RED WAR
FLYNN, VINCE - TOTAL POWER
FOLEY, LUCY - THE GUEST LIST
FOLEY, LUCY - THE GUEST LIST (LARGE PRINT)
FOLEY, LUCY - THE HUNTING PARTY
FOLLETT, KEN - CODE TO ZERO
FOLLETT, KEN - WORLD WITHOUT END
FOLLETT, KEN - THE EVENING AND THE MORINING
FOLLETT, KEN - THE PILLARS OF THE EARTH
FORCE, MARIE - FATAL THREAT
FORCE, MARIE - EVERY LITTLE THING
FORCE, MARIE - FATAL ACCUSATION
FORCE, MARIE - FATAL CHAOS
FORCE, MARIE - FATAL RECKONING
FORMAN, GAYLE - LEAVE ME
FORSTCHER, WILLIAM, R. - ONE SECOND AFTER
FORSYTH, FREDERICK - ICON
FORSYTH, FREDERICK-THE DAY OF THE JACKAL, THE ODESSA FILE, THE DOGS OF WAR
FORTE, JEMMA - ME & MISS M
FORTIER, ANNE - THE LOST SISTERHOOD
FORTIN, SUE - THE DEAD WIFE
FOSSEN, DELORES - MORNINGS AT RIVER'S END RANCH
FOSTER, ALAN DEAN - STAR WARS: THE APPROACHING STORM
FOSTER, LORI - DASH OF PERIL
FOSTER, LORI - DON'T TEMPT ME
FOSTER, LORI - GIVE IT UP
FOSTER, LORI - HARD JUSTICE
FOSTER, LORI - NEVER TOO MUCH
FOSTER, LORI - SLOW RIDE
FOSTER, LORI - THE DANGEROUS ONE
FOSTER, LORI, CARLY PHILLPS, BETH CIOTTA & SUGAR JAMISON-ON THE NAUGHTY LIST
FOUNTAIN, BEN - BILLY LYNN'S LONG HALFTIME WALK
FOX, JULIA - SISTER QUEENS
FOX, VICTORIA - GLITTERING FORTUNES
FRANCES, MICHELLE - THE DAUGHTER
FRANCES, MICHELLE - THE GIRLFRIEND
FRANCIS, DICK - 10 LB PENALTY
FRANCIS, DICK - COME TO GRIEF
FRANCIS, DICK - THE EDGE
FRANCIS, JUNE - WAR WIDOW
FRANK, DOROTHEA BENTON - THE LAST ORIGINAL WIFE
FRANK, ELIZABETH - CHEAT AND CHARMER
FRANK, JACQUELYN - ELIJAH
FRANTZ, LAURA - LOVE'S RECKONING
FRANTZ, LAURA - THE COLONEL'S LADY
FRANZEN, JONATHAN - FREEDOM
FRANZEN, JONATHAN - PURITY
Fraser, George MacDonald - Flash for Freedom
Fraser, George MacDonald - Flashman
Fraser, George MacDonald - Flashman and the Angel of the Lord
Fraser, George MacDonald - Flashman and the Dragon
Fraser, George MacDonald - Flashman and the Mountain of Light
Fraser, George MacDonald - Flashman and the Tiger
Fraser, George MacDonald - Flashman at the Charge
Fraser, George MacDonald - Flashman in the Great Game
Fraser, George MacDonald - Flashman on the March
Fraser, George MacDonald - Flashman's Lady
Fraser, George MacDonald - Royal Flash
FREDE, RICHARD - THE NURSES
FURNIVALL, KATE - THE JEWEL OF ST. PETERSBURG
GABALDON, DIANA - DRAGONFLY IN AMBER
GABALDON, DIANE - OUTLANDER
GABALDON, DIANE - THE BREATH OF SNOW AND ASHES
GABALDON, DIANE - VOYAGER
GABHART, ART - MURDER IN THE COURTROOM
GABLE, MICHELLE - THE BOOKSELLER'S SECRET
GARDIN, DIANA - PROMISE TO DEFEND
GARDNER, LISA - WHEN YOU SEE ME
GARIRVINE, ALEX - SUPERNATURAL
GARLOCK, DOROTHY - THE MOON LOOKED DOWN
GARWOOD, JULIE - SHADOW DANCE
GARWOOD, JULIE - MERCY
GARWOOD, JULIE - SAVING GRACE
GARWOOD, JULIE - SHADOW MUSIC
GARWOOD, JULIE - SWEET TALK
GARWOOD, JULIE - THE IDEAL MAN
GARWOOD, JULIE - WIRED
GAYLIN, ALISON - IF I DIE TONIGHT
GAYNOR, HAZEL - THE COTTINGLEY SECRET
GEARY, NANCY - REDEMPTION
GEARY, TIM - SPIN
GEORGE, ALEX - SETTING FREE THE KITES
GEORGE, ELIZABETH - JUST ONE EVIL ACT
GEORGE, ELIZABETH - THIS BODY OF DEATH
GEORGE, MARGARET - ELIZABETH 1
GEORGE, NINA - THE LITTLE PARIS BOOKSHOP
GERARD, CINDY - FEEL THE HEAT
GERARD, CINDY - SHOW NO MERCY/TAKE NO PRISONERS
GERARD, CINDY - TAKING FIRE
GERRITSEN, TESS - BODY DOUBLE
GERRITSEN, TESS - ICE COLD
GERRITSEN, TESS - THE BONE GARDEN
GERRITSEN, TESS - THE MAP LISTS CLUB
GERRITSEN, TESS - THE MEPHISTO CLUB
GERRITSEN, TESS - THE SINNERS
GIBSON, JO - OBSESSED
GIFFIN, EMILY - BABY PROOF
GIFFIN, EMILY - HEART OF THE MATTER
GILBERT, DAVID - & SONS
GILES, LAMAR - OVERTURNED
GILLIES, ANDREA - THE WHITE LIE
GILMORE, LUCY - PUPPY KISSES
GILMORE, LUCY - RUFF AND TUMBLE
GIST, DEEANNE - LOVE ON THE LINE
GLASS, SERESSIA - SPICE
GLEASON, ROBERT - END OF DAYS
GLOSS, SUSAN - THE CURIOSITIES
GODDARD, ROBERT - HAND GLOVE
GOHLKE, CATHY - UNTIL WE FIND HOME
GOLDEN, ARTHUR - MEMOIRS OF A GEISHA
GOLDENBAUM, SALLY - TRIMMED WITH MURDER
GOODMAN, JO - IN WANT OF A WIFE
GOODWIN, DAISY - THE FORTUNE HUNTER
GOOLRICK, ROBERT - A RELIABLE WIFE
GOUDGE, EILEEN - ONCE IN A BLUE MOON
GRAFTON, SUE - Q IS FOR QUARRY
GRAFTON, SUE - U IS FOR UNDERTOW
GRAFTON, SUE - Y IS FOR YESTERDAY
GRAHAH, CAROLINE - FAITHFUL UNTIL DEATH
GRAHAM, HEATHER - SUSPICIOUS
GRAHAM, HEATHER - THE PRESENCE
GRAHAM, HEATHER - DANGER IN NUMBERS
GRAHAM, HEATHER - DEADLY GIFT
GRAHAM, HEATHER - DEADLY TOUCH
GRAHAM, HEATHER - DREAMING DEATH
GRAHAM, HEATHER - HAUNTED DESTINY
GRAHAM, HEATHER - RUNAWAY
GRAHAM, HEATHER - SEEING DARKNESS
GRAHAM, HEATHER - THE SEEKERS
GRAHAM, HEATHER - THE SUMMONS
GRAHAM, HEATHER - THE UNINVITED
GRAHAM, HEATHER - THE UNSPOKEN
GRANGER, ANN - MIXING WITH MURDER
GRANT, ANDREW - RUN
GRANT, MIRA - DEADLINE
GRANT, SOFIA - LIES IN WHITE DRESSES
GRAZIER, GIG LEVAGIE - QUEEN TAKES A KING
GREANIAS, THOMAS - THE ATLANTIS REVELATION
GREEN, HILARY - THE FINAL ACT
GREEN, JANE - FAMILY PICTURES
GREEN, JOCELYN - BETWEEN THE SHORES
GREENWAY, ALICE - THE BIRD SKINNER
GREGORY, PHILIPPA - THE OTHER BOLEYN GIRL
GREGORY, PHILIPPA - THE QUEEN'S FOOL
GREGORY, PHILIPPA - THE RED QUEEN
GREGORY, PHILIPPA - TIDELANDS
GREGSON, JULIA - EAST OF THE SUN
GREGSON, JULIA - JASMINE NIGHTS
GREGSON, JULIA - MONSOON SUMMER
GREIMAN, LOIS - TAMING THE BARBARIAN
GREIMAN, LOIS - UNDER YOUR SPELL
GREYSON, CHRISTOPHER - THE GIRL WHO LIVED
GRIFFIN, LAURA - DEEP TIDE
GRIFFIN, LAURA - DESPERATE GIRLS
GRIFFIN, LAURA - DESPERATE GIRLS
GRIFFIN, LAURA - EXPOSED
GRIFFIN, LAURA - FAR GONE
GRIFFIN, LAURA - FLIGHT
GRIFFIN, LAURA - MIDNIGHT DUNES
GRIFFIN, LAURA - STONE COLD HEART
GRIFFIN, LAURA - VANISHING HOUR
GRIFFIN, LAURA - WHISPER OF WARNIG
GRIFFIN, PAUL - ADRIFT
GRIFFITHS, ELLY - THE CHALK PIT
GRIFFITHS, ELLY - THE DARK ANGEL
GRIFFITHS, ELLY - THE OUTCAST DEAD
GRIFFITHS,ELLY - THE STONE CIRCLE
GRIMES, MARGARET - BELLA RUIN
GRISHAM, JOHN - THE INNOCENT MAN
GRISHAM, JOHN - A TIME FOR MERCY
GRISHAM, JOHN - A TIME TO KILL
GRISHAM, JOHN - CAMINO ISLAND
GRISHAM, JOHN - ROGUE LAWYER
GRISHAM, JOHN - SKIPPING CHRISTMAS
GRISHAM, JOHN - THE ROOSTER BAR
GRISHAM, JOHN -SYCAMORE ROW
GRISHAM, JOHN N- THE SUMMONS
GULLAND, SANDRA - MISTRESS OF THE SUN
GURAN, PAULA - SEASON OF WONDER
GUTTERIDGE, DON - SOLEMN VOWS
GUTTERIDGE, DON - TURNCOAT
GUTTERIDGE, DON - VITAL SECRETS
GWIN, MIN ROSE - THE ACCIDENTALS
HADDAM, JANE - FLOWERING JUDAS
HADDIX, MARGARET PETERSON - SABOTAED (book 3)
HAGE, RAVI - COCKROACH
HAIGH, JENNIFER - THE CONDITION
HALL, EMYLIA - THE BOOK OF SUMMERS
HALL, J.M. - A SPOONFUL OF MURDER
HALL, LISA - THE PERFECT COUPLE
HALL, TAMRON - AS THE WICKED WATCH
HALLE, KARINE - DISAVOW
HAMILTON, KAREN - THE LAST WIFE
HAMMERSFAHR, PETRA - THE SINNER
HAMMOND, DIANE - SEEING STARS
HANCOCOK, SHEILA - MRS. CARTER'S WAR
HANDY, CHRISSY WITH KATHRYN KNIGHT - SEDUCED BY A SOCIAPATH
HANNAH, MARI - SETTLED BLOOD
HANNAH, MARI - THE MURDER WALL
HANNAH, SOPHIE - AGATHA CHRISTIE - THE MYSTERY OF THREE QUARTERS
HANNON, IRENE - DEADLY PURSUIT
HARDING, FLORA - BEFORE THE CROWN
HARDING, FLORA - THE PEOPLES PRINCES
HARDING, ROBYN - THE ARRANGEMENT
HARMEL, KRISTIN - THE WINEMAKER'S WIFE
HARPER, KAREN - DARK ROAD HOME
HARPER, KAREN - THE QUEEN'S SECRET
HARRIS, ANSTEY - GOODBYE, PARIS
HARRIS, CHARLAINE - MIDNIGHT CROSSROAD
HARRIS, JOANNE - GENTLEMEN AND PLAYERS
HART, CAROLYN - WALKING ON MY GRAVE
HART, ELLEN - A KILLING CURE
HARVEY, CLARE - THE NIGHT RAID
HATCHER, ROBIN LEE - FIT TO BE TIED
HAUTY, CHRIS - DEEP STATE
HAWKINS, KAREN - CAUGHT BY THE SCOT
HAWKINS, PAULA - THE GIRL ON THE TRAIN
HAWLEY, NOAH - BEFORE THE FALL
HAWLEY, NOAH - THE GOOD FATHER
HAWORTH, DENETTE - THE SUMMER OF MOONLIGHT SECRETS
HAYES, SAMANTHA - TELL ME A SECRET
HAYES, SAMANTHA - THE LIAR'S WIFE
HAYMORE, JENNIFER - THE SCOUNDREL'S SEDUCTION
HEALEY, EMMA - ELIZABETH IS MISSING
HEALEY, JUDITH KOLL - THE REBEL PRINCESS
HEARNEY, KATIE & ARIANNA REBOLINI - PUBLIC RELATIONS
HEATH, LORRAINE - BETWEEN THE DEVIL AND DESIRE
HEATHERINGTON, EMMA - SECRETS IN THE SNOW
HEITZMANN, KRISTEN - THE BREATH OF DAWN
HELLER, MANDASUE - TAINTED LIVES
HELM, NICOLE - WYOMING COWBOY PROTECTION
HENDERSON, DEE - FULL DISCLOSURE
HENDRICKS, GREER & SARAH PEKKANEN - AN ANONYMOUS GIRL
HENRY, PATTI CALLAHAN - LOSING THE MOON
HENSHAW, MARK - THE FALL OF MOSCOW STATION
HERRIOT, JAMES - ALL THINGS BRIGHT AND B EAUTIFUL
HEYER, GEORGETTE THE CONVENIENT MARRIAGE
HICKS, ROBERT - A SEPARATE COUNTRY
HICKS, ROBERT - THE ORPAHN MOTHER
HICKSON, JOANNA - RED ROSE, WHITE ROSE
HIGASHINO, KEIGO - THE DEVOTION OF SUSPECT X
HIGGINS, KRISTAN - ALWAYS THE LAST TO KNOW
HILDEBRAND, ELIN - 28 SUMMERS
HILDEBRAND, ELIN - BEAUTIFUL DAY
HILDEBRAND, ELIN - SUMMERLAND
HILDEBRAND, ELIN - THE CASTAWAYS
HILDEBRAND, ELIN - WINTER STREET
HILDERBRAND, ELIN - SUMMER OF '69
HILDERBRAND, ELIN - THE PERFECT COUPLE
HILDERBRAND, ELIN - WINTER IN PARADISE
HILL, DONNA - CHANCES ARE
HILL, REGINALD - DEATH COMES FOR THE FAT MAN
HILTON, LISA - THE HOUSE WITH THE BLUE SHUTTERS
HITCHMAN, BEATRICE - ALL OF YOU EVERY SINGLE ONE
HJORTH & ROSENFELDT - THE MAN WHO WASN'T THERE
HOAG, TAMI - DEEPER THAN THE DEAD
HOAG, TAMI - KILL THE MESSENGER
HOAG, TAMI - SECRETS TO THE GRAVE
HOAG, TAMI - STILL WATERS
HOBBES, ELISABETH - THE SECRET AGENT
HOBBS, ROGER - GHOST MAN
HOGAN, FAITH - MY HUSBAND'S WIVES
HOKIN, CATHERINE - THE FORTUNATE ONES
HOLDEN, WENDY - BEAUTIFUL PEOPLE
HOLEMAN, LINDA - IN A FAR COUNTRY
HONEYMAN, GAIL - ELEANOR OLIPHANT IS PERFECTLY FINE
HOOPER, KAY - HUNGTING FEAR
HOOPER, KAY - A DEADLY WEB
HOOPER, KAY - THE FIRST PROPHET
HOPE, ANN - A WAR TIME NURSE
HOPE, ANNA - WAKE
HORAN, NANCY - UNDER THE WILD AND STARRY SKY
HORAN, NANCY, UNDER THE WIDE, STARRY SKY
HOSSEINI, KHALED - THE KITE RUNNER
HOURICAN, EMILY - THE GLORIOUS GUINESS GIRLS
HOWARD, LESLIE - THE BRIDESHSIP WIFE
HOWARD, LINDA - DYING TO PLEASE
HOWARD, LINDA - COVER OF NIGHT
HOWARD, LINDA - SHADOW WOMAN
HOWARD, LINDA & LINDA JONES - AFTER SUNDOWN
HOWARD, LINDA & LINDA JONES - RUNNING WILD
HOWATCH, SUSAN - GLITTERING IMAGES
HOWELLS, DEBBIE - PART OF THE SILENCE
HOZAR, NAZANINE - ARIA
HUBBARD, MANDY - EVERYTHING BUT THE TRUTH
HUGHES, ANITA - FRENCH COAST
HUGHES, ANITA - ISLAND IN THE SEA
HUMPHREYS, C.C. - CHASING THE WIND
HUNTER, STEPHEN - I, RIPPER
HUNTING, HELENA - SHACKING UP
HURLEY, GRAHAM - WESTERN APPROACHES
HUSER, GLEN - THE RUNAWAY
HUSTON, JAMES W. - SECRET JUSTICE
HYLAND, TARA - DAUGHTERS OF FORTUNE
IGHODARO, AITA - SIN TROPEZ
INDRIDASON, ARNALDUR - THE SHADOW KILLER
IRELAND, JOHN WESLEY - BROWN GIRLS
IRVIN, KELLY - OVER THE LINE
IRWIN, RON - FLAT WATER TUESDAY
ISAACS, SUSAN - LONG TIME NO SEE
ISHIGURO, KAZUO - THE BURIED GIANT
IVY, ALEXANDRA - FACELESS
JACKSON, BRENDA - FORGET ME NOT
JACKSON, LISA - CONFESSIONS
JACKSON, LISA - ALMOST DEAD
JACKSON, LISA - CHOSEN TO DIE
JACKSON, LISA - ENVIOUS
JACKSON, LISA - PARANOID
JACKSON, LISA - RUNNING SCARED
JACKSON, LISA - YOU WILL PAY
JACKSON, LISA & NANCY BUSH - LAST GIRL STANDING
JACKSON, LISA & NANCY BUSH - ONE LAST BREATH
JACKSON, LISA & NANCY BUSH - SOMETHING WICKED
JACKSON, LISA & NANCY BUSH - WICKED WAYS
JACKSON, LISA, NANCY BUSH & ROSALIND NOONAN - SINISTER
JACKSON, LISA,ELIZABETH BASS, MARY CARTER, HOLLY CHAMBERLAIN-SUMMER DAYS
JAEGER, MEREDITH - THE PILOT'S DAUGHTER
JAKEMAN, JO - WHAT HIS WIFE KNEW
JAMES, E L - FIFTY SHADES DARKER
JAMES, JULIE - ABOUT THAT NIGHT
JAMES, JULIE - PRACTICE MAKES PERFECT
JAMES, LORELEI - BOUND
JAMES, LORELEI - WHAT YOU NEED
JAMES, STEVEN - THE BISHOP
JAMES. P.D. - THE LIGHTHOUSE
JANCE, J.A. - PARTNER IN CRIME
JANCE, J.A. - PROOF OF LIVE
JANCE, J.A. - TRIAL BY FIRE
JANOWITZ, BRENDA - THE LIZ TAYLOR RING
JANSSON, SUSANNE - THE FORBIDDEN PLACE
JARVIS, LISA - STARTING OVER
JEMISIN, N.K. - THE CITY WE BECAME
JENNINGS, AMANDA - THE CLIFF HOUSE
JENNINGS, ELIZABETH - SHADOWS AT MIDNIGHT
JENNINGS, MAUREEN - NO KNOWN GRAVE
JENOFF, PAM - THE AMBASSADOR'S DAUGHTER
JENSEN, LOUISE - THE STOLEN SISTERS
JOEL, ALEXANDRA - THE PARIS MODEL
JOHANSEN, IRIS - MIND GAMES
JOHANSEN, IRIS - QUINN
JOHANSEN, IRIS & ROY JOHANSEN - DOUBLE BLIND
JOHANSEN, IRIS & ROY JOHANSEN - SIGHT UNSEEN
JOHANSEN, IRIS & ROY JOHANSEN - SILENT THUNDER
JOHNSON, CHRISTINE - HONOR REDEEMED
JOHNSON, ELANA - ABANDON
JOHNSON, JANE - COURT OF LIONS
JOHNSON, SUSAN - SEDUCTIVE AS FLAME
JOHNSTON, JOAN - A DANGEROUS GAME
JOHNSTON, JOAN - NO LONGER A STRANGER
JOHNSTON, JOAN - SURRENDER
JOHNSTON, JOAN - THE PRICE
JOHNSTONE, WILLIAM W. -LIVE BY THE EST, DIE BY THE WEST
JOHNSTONE, WILLIAM W. - A JENSEN FAMILY CHRISTMAS
JOHNSTONE, WILLIAM W. - A MacCALLISTER CHRISTMAS
JOHNSTONE, WILLIAM W. - BULLETS DON'T ARGUE
JOHNSTONE, WILLIAM W. - PRAY FOR DEATH
JOHNSTONE, WILLIAM W. - SHOT TO HELL
JONASSON, JONAS - SWEET SWEET REVENGE LTD.
JONASSON, RAGNAR - BLACK OUT
JONES, JENNIE - A PLACE WITH HEART
JONES, JILL - REMEMBER YOUR LIES
JONES, LESLIE - BAIT(Book 2)
JONES, LESLIE - DEEP COVER
JONES, LESLIE - FRAMED (Duty & Honor Book Four)
JONES, LESLIE - NGHT HUSH
JONES, LISA RENEE - I BELONG TO YOU
JONES, LISA RENEE - TANGLED UP IN CHRISTMAS
JONES, SADIE - SMALL WARS
JORDAN, ROBERT - A CLOWN OF SWORDS
JORDAN, ROBERT - THE GREAT HUNT
JORDAN, ROBERT - THE SHADOW RISING
JORDAN, SOPHIE - BEAUTIFUL SINNER
JOYCE, RACHEL - PERFECT
KAABERBOL, LENE & AGNETE FRIIS - DEATH OF A NIGHTINGALE
KANE, ANDREA - TWISTED
KANE, DARBY - THE LAST INVITATION
KARA, LESLEY - THE RUMOR
KARGMAN, JILL - ARM CANDY
KARON, JAN - A COMMON LIFE
KARON, JAN - A LIGHT IN THE WINDOW
KARON, JAN - A NEW SONG
KARON, JAN - AT HOME IN MITFORD
KARON, JAN - HOME TO HOLLY SPRINGS
KARON, JAN - IN THE COMPANY OF OTHERS
KARON, JAN - IN THIS MOUNTAIN
KARON, JAN - LIGHT FROM HEAVEN
KARON, JAN - OUT TO CANAAN
KARON, JAN - SHEPHERDS ABIDING
KARON, JAN - SOMEWHERE SOFT WITH SOMEBODY GOOD
KARON, JAN - THESE HIGH GREEN HILLS
KARON, JAN - TO BE WHERE YOU ARE
KARON, JAN -COME RAIN OR COME SHINE
KAY, ELIZABETH - SEVEN LIES
KEALEY, IMOGEN - LIBERATION
KEANE, JESSIE - JAIL BIRD
KEARSLEY, SUSAN - THE WONDER SON
KEITH, ELLEN - THE DUTCH WIFE
KELLER, JULIA - LAST RAGGED BREATH
KELLERMAN, FAYE - BONE BOX
KELLERMAN, FAYE - MOON MUSIC
KELLERMAN, JONATHAN - A COLD HEART
KELLERMAN, JONATHAN - A MEASURE OF DARKNESS
KELLERMAN, JONATHAN - BAD LOVE
KELLERMAN, JONATHAN - BREAKDOWN
KELLERMAN, JONATHAN - DECEPTION
KELLERMAN, JONATHAN - DR. DEATH
KELLERMAN, JONATHAN - EVIDENCE
KELLERMAN, JONATHAN - GUILT
KELLERMAN, JONATHAN - HEARTBREAK HOTEL
KELLERMAN, JONATHAN - NIGHT MOVES
KELLERMAN, JONATHAN - RAGE
KELLERMAN, JONATHAN - SELF-DEFENSE
KELLY, CATHY - JUST BETWEEN US
KELLY, CATHY - THE HONEY QUEEN
KELLY, CHRISTINE - GOOD KARMA
KELLY, LESLIE A. - NOWHERE TO HIDE
KELLY, SIMONE - LIKE A FLY ON THE WALL
KENDAL, CLAIRE - I SPY
KENNEDY, KRIS - DEFIANT
KENT, CHRISTOBEL - THE LOVING HUSBAND
KENT, SERENT - DEATH IN AVIGNON
KEPLER, LARS - LAZARUS
KERNICK, SIMON - THE HANGED MAN
KERY, BETH - ONLY FOR YOU
KESSLER, KATE - CALL OF VULTURES
KEYES, MARIAN - ANYBODY OUT THERE
KEYES, MARIAN - LAST CHANCE SALOON
KEYES, MARIAN - THE BRIGHTEST STAR IN THE SKY
KHOURY, RAYMOND - THE DEVIL'S ELIXIR
KHOURY, RAYMOND - THE TEMPLAR SALVATION
KIMM, GABRIELLE - THE COURTESAN LOVER
KING, STEPHEN & PETER STRAUB - BLACK HOUSE
KINGSBURY, KAREN - TAKE FOUR
KINGSBURY. KAREN - LOVING
KINSELLA, SOPHIE - CAN YOU KEEP A SECRET
KINSELLA, SOPHIE - CONFESSIONS OF A SHOPAHOLIC
KINSELLA, SOPHIE - I OWE YOU ONE
KINSELLA, SOPHIE - I'VE GOT YOUR NUMBER
KINSELLA, SOPHIE - MNI SHOPAHOLIC
KINSELLA, SOPHIE - REMEMBER ME?
KINSELLA, SOPHIE - SHOPAHOLIC & SISTER
KINSELLA, SOPHIE - SHOPAHOLIC TAKES MANHATTAN
KINSELLA, SOPHIE - SHOPAHOLIC TIES THE KNOT
KINSELLA, SOPHIE - SHOPAHOLIC TO THE RESUCE
KINSELLA, SOPHIE - SHOPAHOLIC TO THE STARS
KINSELLA, SOPHIE - THE UNDOMESTIC GODDESS
KINSELLA, SOPHIE - WEDDING NIGHT
KLAUSSMAN, LIZA -TIGERS IN RED FEATHERS
KLAUSSMANN, LISA - VILLA AMERICA
KLEYPAS, LISA - A SEASON FOR LOVE
KLEYPAS, LISA - BROWN EYED GIRL
KLEYPAS, LISA - DREAM LAKE
KLEYPAS, LISA - LADY SOPHIA'S LOVER
KLISE, KATE - IN THE BAG
KNIGHT, RENEE - THE SECRETARY
KNOLL, JESSICA - THE FAVORITE SISTER
KOONTZ, DEAN - DARK FALL
KOONTZ, DEAN - ODD THOMAS
KOONTZ, DEAN - ONE DOOR AWAY FROM HEAVEN
KOONTZ, DEAN - RELENTLESS
KOONTZ, DEAN - STRANGE HIGHWAYS
KOONTZ, DEAN - THE CITY
KOONTZ, DEAN - YOUR HEART BELONGS TO ME
KOPE, SPENCER - COLLECTING THE DEAD
KOPP, NANCY - ABSENT WITNESS
KORYTA, MICHAEL - LAST WORDS
KRANTZ, JUDITH - TILL WE MEET AGAIN
KRENTZ, JAYNE ANN - ALL NIGHT LONG
KRENTZ, JAYNE ANN - FALLING AWAKE
KRENTZ, JAYNE ANN - FIRED UP
KRENTZ, JAYNE ANN - THE VANISHING
KRENTZ, JAYNE ANN - WHEN ALL THE GIRLS HAVE GONE
KRIST, GREY - BAD CHEMISTRY
KRIVAK, ANDREW - THE SOJOURN
KUBICA, MARY - THE OTHER MRS.
KUHN, WILLIAM - MRS QUEEN TAKES THE TRAIN
KURLAN, VERA - NEVER SAW ME COMING
KUTSUKAKE, LYNNE - THE TRANSLATION OF LOVE
KWOK, JEAN - GIRL IN TRANSLATION
KYLE, BARBARA - THE QUEEN'S LADY
KYLE, C.T. - SILENT NIGHT
LA PLANTE, LYNDA - CLEAN CUT
LACKBERG, CAMILLA - THE DROWNING
LACKBERG, CAMILLA - THE GILDED CAGE
LACKBERG, CAMILLA - THE LOST BOY
LACKBERY, CAMILLA - SILVER TEARS
LADD, SARAH E. - THE LETTER FROM BRIARTON PARK
LAGERCRANTZ, DAVID - THE GIRL IN THE SPIDER'S WEB
LAKE, ALEX - THE CHOICE
LANE, SORAYA - THE SPITFIRE GIRLS
LANG, EMMA - MATTHEW
LANSENS, LORI - THIS LITTLE LIGHT
LAPENA, SHARI - AN UNWANTED GUEST
LAPENA, SHARI - THE END OF HER
LARSEN, WARD - ASSASSIN'S RUN
LARSEN, WARD - ASSASSIN'S STRIKE
LARSSON, ASA - THE SECOND DEADLY SIN
LARSSON, STIEG - THE GIRL WHO PLAYED WITH FIRE
LAURENCE, MARGARET - A BIRD IN THE HOUSE
LAURIN, NINA - THE STARTER WIFE
LAW, CATHERINE - THE FIRST DANCE
LAWRENCE, D.H. - WOMEN IN LOVE
LAWSON, MARY - THE OTHER SIDE OF THE BRIDGE
LEA, ZOE - IF HE WAKES
LEAV, LANG - SAD GIRLS
LEE, JANICE Y.K. - THE EXPATRIATES
LEE, MAUREEN - LIME STREET BLUES
LEE, MAUREEN - THROUGH THE STORM
LEE, RACHEL THE HUNTED
LEHANE, DENNIS - SACRED
LEIGH, LIS - GREED
LEIGH, LORA - TAKEN
LEIGH, LORA - ULTIMATE SINS
LEMAITRE, PEIRRE - CAMILLE
LEMAITRE, PIERRE - ALEX
LEMAITRE, PIERRE - IRENE
LEPIONKA, KRISTEN - THE STORIES YOU TELL
LETO, JULIE - DIRTY LITTLE SECRETS
LEVENS, LOIS - JULIET'S NURSE
LEVIN, DANIEL - THE LAST EMBER
LEWIS, BEVERLY - THE SHUNNING
LEWIS, SUSAN - BELIEVE IN ME
LEWIS, SUSAN - NEVER SAY GOODBYE
LIND, HAILEY - SHOOTING GALLERY
LINDSEY, JOHANNA - ONE HEART TO WIN
LINDSEY, JOHANNA - SURRENDER MY LOVE
LINDSEY, JOHANNA - WHEN PASSION RULES
LINDSEY, JOHANNA - BEAUTIFUL TEMPEST
LINDSEY, JOHANNA - TENDER IS THE STORM
LINDSEY, JOHANNA - A LOVING SCOUNDREL
LINDSEY, JOHANNA - BRAVE THE WILD WIND
LINDSEY, JOHANNA - HEART WARRIOR
LINDSEY, JOHANNA - LOVE ME FOREVER
LINDSEY, JOHANNA - MAKE ME LOVE YOU
LINDSEY, JOHANNA - SECRET FIRE
LINDSEY, JOHANNA - SO SPEAKS THE HEART
LINDSEY, JOHANNA - STORMY PERSUASION
LINDSEY, JOHANNA - SURRENDER MY LOVE
LINDSEY, JOHANNA - THE HOLIDAY PRESENT
LINDSEY, JOHANNA - THE PERFECT SOMEONE
LINDSEY, JOHANNA - WILD FIRE IN HIS ARMS
LINDSEY, SARA - PROMISE ME TONIGHT
LINDSKOLD, JANE - THROUGH WOLF'S EYES
LIPPMAN, LAURA - HARDLEY KNEW HER
LISS, DAVID - THE TWELFTH ENCHANTMENT
LLEWELLYN, JULIA - THE MODEL WIFE
LLOYD, SAM - THE MEMORY WOOD
LLOYD, SAM - THE RISING TIDE
LOCKE, ATTICA - THE CUTTING SEASON
LODGE, GYTHA - LIE BESIDE ME
LOKKO, LESLEY - AN ABSOLUTE DECEPTION
LOKKO, LESLEY - IN LOVE AND WAR
LOKKO, LESLEY - LITTLE WHITE LIES
LOKKO, LESLEY - SUNDOWNERS
LONDON, JULIA - A LIGHT AT WINTER'S END
LONDON, JULIA - A ROYAL KISS & TELL
LONDON, STEFANIE - THE AUSSIE NEXT DOOR