LOREN, RONI - THE ONE FOR YOU
LOWE, FIONA - RUNAWAY GROOM
LOWELL, ELIZABETH - ALWAYS TIME TO DIE
LOWELL, ELIZABETH - RUNNING SCARED
LUPTON, ROSAMUND - SISTER
LYNDS, GAYLE - THE COIL
MAAS, SHARON - THE SOLDIER GIRL
MACBRIDE, STUART - THE COFFIN MAKER'S GARDEN
MacBRIDE, STUART B. - HALFHEAD
MacDONALD, MALCOLM - THE RICH ARE WITH YOU ALWAYS
MacDONALD, PATRICIA - LOST INNOCENTS
MACKIN, JEANNE - THE LAST COLLECTION
MACKINTOSH, CLARE - I LET YOU GO
MACKINTOSH, CLARE - I SEE YOU
MACLEAN, ALISTAIR - BEAR ISLAND
MACMILLAN, GILLY - ODD CHILD OUT
MACMILLAN, GILLY - THE NANNY
MACMILLAN, GILLY - THE PERFECT GIRL
MacNISH, TRACY - VEILED PASSIONS
MACY, CAITLIN - MRS.
MAGUIRE, GREGORY - THE NEXT QUEEN OF HEAVEN
MAH, ANN - THE LOST VINTAGE
MAKSIK, ALEXANDER - A MARKER TO MEASURE DRIFT
MALLERY, SUSAN - ONLY YOURS
MALLERY, SUSAN - ALL SUMMER LONG
MALLERY, SUSAN - BEFORE WE KISS
MALLERY, SUSAN - CHASING PERFECT
MALLERY, SUSAN - COMPLETELY SMITTEN
MALLERY, SUSAN - JUST ONE KISS
MALLERY, SUSAN - ONLY MINE
MALLERY, SUSAN - SISTERS LIKE US
MALLERY, SUSAN - SUMMER DAYS
MALLERY, SUSAN - THE STEPSISTERS
MALLERY, SUSAN - THRILL ME
MALLERY, SUSAN - TWO OF A KIND
MALLERY, SUSAN - WHEN WE MET
MALLERY, SUSAN -THREE LITTLE WORDS
MALPAS, JODI ELLEN - ONE NIGHT DENIED
MALPAS, JODI ELLEN - THIS MAN CONFESSED
MANGUM, ERYNN - MISS MATCH
MANNING, KIRSTY - THE FRENCH GIFT
MANNING, SARRA - UNSTICKY
MANTEL, HILARY - BRING UP THE BODIES
MARGOLIN, PHILLIP - VIOLENT CRIMES
MARK, MARY - SOMETHING'S KNOT KOSHER
MARQUEZ, GABRIEL GARCIA - ONE HUNDRED YEARS OF SOLITUDE
MARSH, NICOLA - THE SCANDAL
MARSONS, ANGELA - SILENT SCREAM
MARTIN, ANDREW - THE SOMME STATIONS
MARTIN, KAT - THE DREAM
MARTIN, KAT - THE LAST MILE
MASCO, MAISIE - BETWEEN TWO WORLDS
MASON, CONNIE WITH MIA MARLOWE - SINS OF THE HIGHLANDER
MASON, DEBBIE -BAREFOOT BEACH
MASON, RICHARD - NATURAL ELEMENTS
MASON, SUSAN ANNE - IRISH MEADOWS
MASSEY, SUJATA - THE WIDOWS OF MALABAR HALL
MATSON, MORGAN - SINCE YOU'VE BEEN GONE
MAYES, FRANCES - WOMEN IN SUNLIGHT
McALLISTER, GILLIAN - ANYTHING YOU DO SAY
McALLISTER, GILLIAN - THE GOOD SISTER
McBRIDE, EIMEAR - THE LESSER BOHEMIANS
McCARTHY, AVA - THE INSIDER
McCARTY, SARAH - SAM'S CREED
McCAULEY, STEPHEN - MY EX-LIFE
McCLAIN, LEE TOBIN - THE FOREVER FARMHOUSE
McCREIGHT, KIMBERLY - RECONSTRUCTING AMELIA
McCULLOUGH, COLLEEN - BITTERSWEET
McCULLOUGH, COLLEEN - THE INDEPENDENCE OF MISS MARY BENNETT
McELWAIN, JULIE - I MURDER IN TIME
McFADDEN, FREIDA - THE EX
McFARLANE, MHARI - DON'T YOU FORGET ABOUT ME
McGRATH, M.J. - WHITE HEAT
McGRATH, MEL - THE GUILTY PARTY
McGRAW, CHANDLER, - NIGHT TERROR
MCHUGH, CRISTA - A SEDUCTIVE MELODY
McHUGH, LAURA - THE WEIGHT OF BLOOD
McINNIS, SHERI - DEVIL MAY CARE
McKAY, AMI - THE BIRTH HOUSE
McKAY, AMI - VIRGIN CURE
McLACHLIN, BEVERLEY - FULL DISCLOSURE
McLAIN, PAULA - LOVE AND RUIN
McLAUGHLIN, NICOLE - MAYBE FOR YOU
McLAUGHLIN, NICOLE - MAYBE I DO
McLAUGHLIN, NICOLE - MAYBE THIS TIME
McLEAN, STUART - EXTREME VINYL CAFE
McLUAGHLIN, BEVERLEY - DENIAL
McMILLAN, RACHEL - THE LONDON RESTORATION
McMORRIS, KRISTINA - BRIDGE OF SCARLET LEAVES
McVEIGH, JENNIFER - THE FEVER TREE
MEDEIROS, TERESA - THE PLEASURE OF YOUR KISS
MEDOFF, JILLIAN - THIS COULD HURT
MELTON, MARLISS - HOT TARGET
MERRITT, STEPHANIE - WHILE YOU SLEEP SOMEONE'S WATCHING
MESSINEO, TERESA - THE FIRE BY NIGHT
MESSUD, CLAIRE - THE EMPEROR'S CHILDREN
MEYER, STEPHENIE - ECLIPSE
MEYER, STEPHENIE - NEW MOON
MEYER, STEPHENIE - THE HOST
MICHAELS , FERN - DESPERATE MEASURES
MICHAELS, FERN - SAFE AND SOUND
MICHAELS, FERN - FATE & FORTUNE
MICHAELS, FERN - NO WAY OUT
MICHAELS, FERN - PAYBACK
MICHAELS, FERN - SECRETS
MICHAELS, FERN- HEY, GOOD LOOKING
MICHAELS, FERN, DONA KAUFFMAN & MELISSA STORM -HOME SWEET HOME
MICHAELS,FERN,NANCY BUSH, ROSANNA CHIOFALO, LIN STEPP-WHEN THE SNOW FALLS
MICHENER, JAMES A. - TEXAS
MILLER, KRISTIN - IN HER SHADOW
MILLER, LINDA LAEL - ARIZONA WILD
MILLER, LINDA LAEL - DEADLY GAMBLE
MILLER, LINDA LAEL - MONTANA CREEDS - LOGAN
MILLER, LINDA LAEL - MONTANA CREEDS - TYLER
MILLER, LINDA LAEL - ONCE A RANCHER
MILLER, SERENA - FEARLESS HOPE
MILLER, SUE - LOST IN THE FOREST
MILNER, DONNA - THE PROMISE OF RAIN
MIRANDA, MEGAN - THE LAST HOUSE GUEST
MIRANDA, MEGAN - THE PERFECT STRANGER
MISRA, JAISHREE - SECRETS & LIES
MLYNOWSKI, SARAH - GIMME A CALL
MOFFETT, HELEN - CHARLOTTE
MOFINA, RICK - HER LAST GOODBYE
MOLLOY, AIMEE - THE PERFECT MOTHER
MONAGHAN, DAMHNAILT - NEW GIRL IN LITTLE COVE
MONROE, MARY ALICE - THE SUMMER GIRLS
MONTEFIORE, SANTA - HERE AND NOW
MONTEFIORE, SANTA - PERFECT HAPPINESS
MONTEFIORE, SANTA - SECRETS OF THE LIGHTHOUSE
MONTEFIORE, SANTA - SONGS OF LOVE AND WAR
MONTEFIORE, SANTA - THE AFFAIR
MONTEFIORE, SANTA - THE DAUGHTERS OF IRELAND
MONTEFIORE, SANTA - THE SECRET HOURS
MONTEFIORE, SANTA - THE TEMPTATION OF GRACIE
MONTEFIORE, SANTA -THE LAST SECRET OF THE DEVERILLS
MONTGOMERY, HUGH - CONTROL
MOORCROFT, SUE - A SUMMER TO REMEMBER
MOORCROFT, SUE - THE CHRISTMAS PROMISE
MOORE, LISA - FEBRUARY
MOORE, TARA - RSVP
MORGAN, KASS - THE 100
MORGAN, KASS - THE 100 DAY 21
MORGAN, KASS - THE 100 HOMECOMING
MORGAN, PAGE - THE WONDROUS AND THE WICKED
MORGAN, SARAH - ONE SUMMER IN PARIS
MORIARITY, LIANE - BIG LITLE LIES
MORIARITY, LIANE - THE HUSBAND'S SECRET
MORIARITY, LIANE - TRULY MADLY GUILTLY
MORIN, DONNA RUSO - TO SERVE A KING
MORRELL, DAVID - RULER OF THE NIGHT
MORRIS, HEATHER - THE TATTOOISWT OF AUSCHWITZ
MORRIS, KATE - THE SEVEN YEAR ITCH
MORRIS, LYNN - THE BARON'S HONOURABLE DAUGHTER
MORRIS, WANDA M. - ALL HER LITTLE SECRETS
MORRISSEY, DI - THE SILENT COUNTRY
MORTENSON, GREG & DAVID OLIVER RELIN - THREE CUPS OF TEA
MOSER, NANCY - WASHINGTON'S LADY
MOSES, SPENCER E. - NETWORK OF DECEPTION
MOSSE, KATE SLPULCHIE
MOSSE, KATE - CITADEL
MOUNTAIN, FIONA - REBEL HEIRESSS
MOWAT, FARLEY - LOST IN THE BARRENS
MULLIN, STEPH & NICOLE MABRY - THE FAMILY TREE
MURRAY, JEANETTE - THE OFFICER AND THE SECRET
NABB, MAGDALEN - THE MONSTER OF FLORENCE
NAPOLI, LISA - RADIO SHANGRI-LA
NASH, CHARLOTTE - THE PARIS WEDDING
NASH, JENNIE - THE THREADBARE HEART
NASH, KIM - AMAZING GRACE
NATHAN, AMY SUE - LEFT TO CHANCE
NEELY, RICHARD - SHADOWS FROM THE PACT
NEGGARS, CALA - ISLAND HARBOR
NELSON, CALEB AZUMAH - OPEN WATER
NEMIROSKY, IRENE - SUITE FRANCIASE
NESBO, JO - MacBETH
NESBO, JO - PHAMTOM
NESBO, JO - POLICE
NESBO, JO - THE BAT
NESBO, JO - THE DEVIL'S STAR
NESBO, JO - THE SNOWMAN
NESBO, JO - THE THIRST
NEUHAUS, NELE - BAD WOLF
NEUHAUS, NELE - I AM YOUR JUDGE
NEUHAUS, NELE -SNOW WHITE MUST DIE
NEVILLE, MIRANDA = NEVER RESIST TEMPTATION
NEVILLE, MIRDANA - NEVER RESIST TEMPTATION
NEVILLE, STUART - SO SAY THE FALLEN
NEWMAN, T. J. - FALLING
NEWMAN, RUTH - THE COMPANY OF STRANGERS
NICHOLS, LEIGH - TWILIGHT
NICHOLSON, WILLIAM, - THE SECRET INTENSITY OF EVERYDAY LIFE
NOBLE, KATE - FOLLOW MY LEAD
NOBLIN, ANNIE ENGLAND - JUST FINE WITH CAROLINE
NOONAN, ROSALIND - THE DAUGHTER SHE USED TO BE
NORMAN, HILARY - TOO CLOSE
NORTH, FREYA - CHANCES
NORTH, FREYA - THE TURNING POINT
NORTH, LAUREN - THE PERFECT SON
NORTH, OLIVER - HEROES PROVED
NORTON, ASHLEY PRENTICE - THE CHOCOLATE MONEY
NOVAK, BRENDA - BEFORE WE WERE STRANGERS
NOVAK, BRENDA - DEAD SILENCE
NOVAK, BRENDA - HELLO AGAIN
NOVAK, BRENDA - THE SECRET SISTER
NOVAK, BRENDA - UNFORGETTABLE YOU
NOVAK, BRENDA - WATCH ME
O'Brian, Patrick - Desolation Island
O'Brian, Patrick - HMS Surprise
O'Brian, Patrick - Master and Commander
O'Brian, Patrick - Post Captain
O'Brian, Patrick - The Far Side of the World
O'Brian, Patrick - The Fortune of War
O'Brian, Patrick - The Surgeon's Mate
O'Brian, Patrick (plus) - A Sea of Words (from Patrick O'Brian's seafaring tales)
O'Brian, Patrick (plus) - Harbors and High Seas (Atlas to Patrick O'Brian)
O'Brian, Patrick (plus) - Lobscouse & Spotted Dog (Gastronomic companion to O'Brian)
O'Brian, Patrick (plus) - The Making of Master and Commander
O'BRIEN, FIONA - NONE OF MY AFFAIR
O'BRIEN, KEVIN - THE BAD SISTER
O'BRIEN, KEVIN - UNSPEAKABLE
O'CLARE, LORIE - SEDUCTION ISLAND
O'FALLON, TEE - TOUGH JUSTICE
O'FLANAGAN, SHEILA - THE PERFECT MAN
O'FLANAGAN, SHEILA - THINGS WE NEVER SAY
O'NEAL, KATHERINE - MY ONE & ONLY
O'REILLY, VICTOR - GAMES OF THE HANGMAN
OBREHT, TEA - THE TIGER'S WIFE
OCORK, SHANNON - TITANIC
OLIVER, LAUREN - DELIRIUM
OWEN, DELIA - WHERE THE CRAWDADS SING
OWEN, NIKKI - SUSPECT 375
PAGE, SHARON - DEEPLY IN YOU
PAIGE, DANIELLE - DOROTHY MUST DIE STORIES VOL. 2
PAIGE, DANIELLE - THE WICKED WILL RISE
PALKA, KURT - PATIENT NUMBER 7
PALMER, D. J. - THE NEW HUSBAND
PALMER, DIANA - OUTSIDER
PALMER, DIANA - UNLEASHED
PALMER, MICHAEL - RESISTANT
PALMER, MICHAEL & DANIEL PALMER - MERCY
PALMER, MICHAEL & DANIEL PALMER - TRAUMA
PAOLINI, CHRISTOPHER - BRESINGR
PAOLINI, CHRISTOPHER - ELDEST
PAOLINI, CHRISTOPHER - ERAGON
PARETSKY, SARA - BODY WORK
PARIS, B.A. - BEHIND CLOSED DOORS
PARIS, B.A. - BEHIND CLOSED DOORS
PARKER, KATE - DEADLY SCANDAL
PARKER, LUCY - HEADLINDERS
PARKER, ROBERT B. - BAD BUSINESS
PARKS, ADELE - I INVITED HER IN
PARKS, ADELE - IF YOU GO AWAY
PARKS, BRAD - SAY NOTHING
PARMAR, PRIYA - EXIT THE ACTRESS
PARR, DELIA - HIDDEN AFFECTIONS
PARSONS, GOLDEN KEYES - IN THE SHADOW OF THE SUN KING
PARSONS, KELLY - DOING HARM
PATAKI, ALLISON - THE ACCIDENTAL EMPRESS
PATERSON, JAMES & HOWARD ROUGHAN - DON'T BLINK
PATTERSON, JAJMES - DEADLY CROSS
PATTERSON, JAME- MARY, MARY
PATTERSON, JAMES - TH E LAKE HOUSE
PATTERSON, JAMES & JAMES O. BORN - THE RIVER MURDERS
PATTERSON, JAMES - 7th HEAVEN
PATTERSON, JAMES - BIG BAD WOLF
PATTERSON, JAMES - CROSS JUSTICE
PATTERSON, JAMES - CROSS MY HEART
PATTERSON, JAMES - CROSS THE LINE
PATTERSON, JAMES - FOUR BLIND MICE
PATTERSON, JAMES - HIDE & SEEK
PATTERSON, JAMES - KILL ALEX CROSS
PATTERSON, JAMES - MAXIMUM RIDE - SAVING THE WORLD AND OTHER EXTREME SPORTS
PATTERSON, JAMES - MAXIMUM RIDE SCHOOL'S OUT - FOREVER
PATTERSON, JAMES - MAXIMUM RIDE THE ANGEL EXPERIMENT
PATTERSON, JAMES - MERRY CHRISTMAS, ALEX CROSS
PATTERSON, JAMES - MURDER IN PARADISE
PATTERSON, JAMES - ROSES ARE RED
PATTERSON, JAMES - SAM'S LETTERS TO JENNIFER
PATTERSON, JAMES - THE 6TH TARGET
PATTERSON, JAMES - THE LAKE HOUSE
PATTERSON, JAMES - THE PEOPLE VS ALEX CROSS
PATTERSON, JAMES - THE PEOPLE VS ALEX CROSS
PATTERSON, JAMES - VIOLETS ARE BLUE
PATTERSON, JAMES - WHEN THE WIND BLOWS
PATTERSON, JAMES & JAMES O.. BORN - HAUNTED
PATTERSON, JAMES & ANDREW BOURELLE - TEXAS RANGER
PATTERSON, JAMES & ANDREW GROSS - LIFEGUARD
PATTERSON, JAMES & ASHWIN SANGHI - PRIVATE INDIA
PATTERSON, JAMES & BILL CLINTON - THE PRESIDENT IS MISSING
PATTERSON, JAMES & BILL CLINTON - THE PRESIDENT'S DAUGHTER
PATTERSON, JAMES & BRENDON DUBOIS - THE SUMMER HOUSE
PATTERSON, JAMES & CANDICE FOX - HUSH
PATTERSON, JAMES & DAVID ELLIS - BLACK BOOK
PATTERSON, JAMES & DAVID ELLIS - INVISIBLE
PATTERSON, JAMES & GABRIELLE CHARBONNET - SUNDAY AT TIFFANY'S
PATTERSON, JAMES & HOWARD ROUGHAN - HONEYMOON
PATTERSON, JAMES & HOWARD ROUGHAN - KILLER INSTINCT
PATTERSON, JAMES & HOWARD ROUGHAN - SECOND HONEYMOON
PATTERSON, JAMES & J.D. BARKER - DEATH OF THE BLACK WODOW
PATTERSON, JAMES & JAMES O BORN - LOST
PATTERSON, JAMES & JAMES O. BORN - THE RUSSIAN
PATTERSON, JAMES & JAMES O'BORN - AMBUSH
PATTERSON, JAMES & KATHY FOX - MISSING
PATTERSON, JAMES & MARK SULLIVAN - PRIVATE BERLIN
PATTERSON, JAMES & MARSHALL KARP - NYPD RED
PATTERSON, JAMES & MAXINE PAETRO - 11TH HOUR
PATTERSON, JAMES & MAXINE PAETRO - 10th ANNIVERSARY
PATTERSON, JAMES & MAXINE PAETRO - 14th DEADLY SIN
PATTERSON, JAMES & MAXINE PAETRO - 15th AFFAIR
PATTERSON, JAMES & MAXINE PAETRO - 17TH SUSPECT
PATTERSON, JAMES & MAXINE PAETRO - 5th HORSEMAN
PATTERSON, JAMES & MAXINE PAETRO - 5th HORSEMAN
PATTERSON, JAMES & MAXINE PAETRO - SWIMSUIT
PATTERSON, JAMES & MICHAEL LEDWIDGE - ALERT
PATTERSON, JAMES & MICHAEL LEDWIDGE - I, MICHAEL BENNETT
PATTERSON, JAMES & MICHAEL LEDWIDGE - TICK TOCK
PATTERSON, JAMES & NANCY ALLEN - JUROR #3
PATTERSON, JAMES & RICHARD DELALLO - ALEX CROSS'S TRIAL
PATTERSON, JAMES & RICHARD DILALLO - THE MIDWIFE MURDERS
PATTERSON, JAMES & SHAN SERAFIN - THREE WOMEN DISAPPEAR
PATTERSON, JAMES & TUCKER AXUM - CAJUN JUSTICE
PATTERSON, RICHARD NORTH - DEVIL'S DELIGHT
PATTERSON,JAMES & MICHAEL LEDWIDGE - GONE
PAUL, GILL - ANOTHER WOMAN'S HUSBAND
PAUL, GILL - THE SECRET AFFAIR
PAUL, GILL - THE SECRET WIFE
PEARCE, A.J. - YOURS CHEERFULLY
PEARSE, LESLEY - GEORGIA
PEARSE, LESLEY - SECRETS
PEARSE, LESLEY - YOU'LL NEVER SEE ME AGAIN
PEARSON, ALLISON - I THINK I LOVE YOU
PEARSON, RIDLEY - CHOKE POINT
PEKKANEN, SARAH - THE PERFECT NEIGHBORS
PELLEGRINO, NICKY - A YEAR AT HOTEL GONDOLA
PERRY, CAROL - SEE SOMETHING
PERRY, CAROL J. - CAUGHT DEAD HANDED
PERRY, MICHAEL R. - THE STRANGER RETURNS
PERRY, TASMINA - GOLD DIGGERS
PERRY, TASMINA - THE LAST KISS GOODBYE
PERRY, THOMAS - STRIP
PERRY, THOMAS - THE OLD MAN
PETERS, ELIZABETH & JOAN HESS - THE PAINTED QUEEN
PETERS, GLYNIS - THE ORPHAN THIEF
PETRIE, NICK - THE WILD ONE
PETTREY, DANI - SUBMERGED
PHILLIPS, CARLY - HOT STUFF
PHILLIPS, CARLY - LUCKY BREAK
PHILLIPS, GIN - THE WELL AND THE MINE
PHILLIPS, SUSAN ELIZABETH - THE GREAT ESCAPE
PHILLIPS, SUSAN ELIZABETH - BREATHING ROOM
PHILLIPS, SUSAN ELIZABETH - CALL ME IRRESISTIBLE
PHILLIPS, SUSAN ELIZABETH - DANCE AWAY WITH ME
PHILLIPS, SUSAN ELIZABETH - NATURAL BORN CHARMER
PHILLIPS, SUSAN ELIZABETH - WHEN STARS COLLIDE
PICOULT, JODI - A SPARK OF LIGHT
PICOULT, JODI - PLAIN TRUTH
PICOULT, JODI & SAMANTHA VAN LEER - OFF THE PAGE
PINBOROUGH, SARAH - CROSS HER HEART
POEPPEL, AMY - SMALL ADMISSIONS
POINT, YVONNE - THE BEST OF TIME
POLAK, MONIQUE - SO MUCH IT HURTS
POLITES, TAYLOR M. - THE REBEL WIFE
POULSEN, DAVID A. - SERPENTS RISING
POWELL, JULIE - CLEAVING
POWERS, RICHARD - BEWILDERMENT
PRELLER, JAMES - BYSTANDER
PRESTON & CHILD - FEVER DREAM
PRESTON & CHILD - BLOODLESS
PRESTON & CHILD - BLUE LABYRINTH
PRESTON & CHILD - OLD BONES
PRESTON & CHILD - OLD BONES
PRICE, STEVEN - BY GASLIGHT
PROBST, JENNIFER - SEARCHING FOR BEAUTIFUL
PRYOR, MARK - THE SORBONNE AFFAIR
PULLINGER, KATE - THE MISTRESS OF NOTHING
PUTMAN, CARA C. - STARS IN THE NIGHT
PUTNEY, MARY JO - ONCE A SOLDER
PUTNEY, MARY JO - SOMETIMES A ROGUE
PUTNEY, MARY JO - TWIST OF FATE
QUICK, AMANDA - SECOND SIGHT
QUICK, AMANDA - THE THIRD CIRCLE
QUICK, AMANDA - WAIT UNTIL MIDNIGHT
QUICK, MATTHEW - SILVER LININGS
QUIGLEY, SARAH - THE CONDUCTOR
QUIGLEY, SHEILA - RUN F OR HOME
QUINN, ELLA - DESIRING LADY CARO
QUINN, JULIA - THE DUKE AND I
QUINN, PAULA - A HIGHLANDERS CHRISTMAS KISS
QUINN, SPENCER - TO FETCH A THIEF
RANKIN, IAN - THE NAMING OF THE DEATH
RANKIN, IAN - A QUESTION OF BLOOD - (LARGE PRINT)
RANKIN, IAN - EVEN DOGS IN THE WILD
RANKIN, IAN - IN A HOUSE OF LIES
RANKIN, IAN - REBUS THE LOST YEARS LET IT BLEEED, BLACK AND BLUE, THE HANGING GARDEN
RANKIN, IAN - STANDING IN ANOTHER MAN'S GRAVE
RANKIN, IAN - THE BEAT GOES ON
RASH, RON - BURNING BRIGHT
RASH, RON - SERENA
RAVEN, JAIME - THE MOTHER
RAY, CATE - GOOD HUSBANDS
RAYBOURN, DEANNA - DARK ROAD TO DARJEELING
RAYBURNN, DEANNA - CITY OF JASMINE
REDFERN, SUZANNE - NO ORDINARY LIFE
REDLAND, JESSICA - THE SECRET TO HAPPINESS
REDMERAI,J.A. - SONG OF THE FIREFLIES
REECE, CHRISTY - MERCILESS
REECE, CHRISTY - NOTHING TO LOSE
REECE, CHRISTY - RELENTLESS
REES, JOANNA - SHADE OF THE BLOSSOM TREE
REES, JOANNA - THE HIDDEN WIFE
REES, JOANNA - THE RUNWAY DAUGHTER
REES, TRACY -FLORENCE GRACE
REICH, KATHY - DEATH DU JOUR
REICH, KATHY - MONDAY MOURNING
REICHS, KATHY - BONES NEVER LIE
REICHS, KATHY - BARE BONES
REICHS, KATHY - BONES TO ASHES
REICHS, KATHY - BREAK NO BONES
REICHS, KATHY - FLASH AND BONES
REICHS, KATHY - SPIDER BONES
REISZ, TIFFANY - THE SIREN
RENDALL, RUTH - THE CROCODILE BIRD
RENDELL, RUTH - NO MAN'S NIGHTINGALE
RENDELL, RUTH - THE CROCODILE BIRD
RENNISON, LOUISE - A MIDSUMMER TIGHTS DREAM
REUS, KATIE - RED STORE SECURITY SERIES, VOL2, BOOKS 4-6
REUS, KATIE - BISHOP'S KNIGHT
REUS, KATIE - BISHOP'S QUEEN
REUS, KATIE - DANGEROUS PROTECTOR
REUS, KATIE - FIRST SURRENDER
REUS, KATIE - RED STONE SECURIT SERIES: VOLUME 3 BOOKS 7-9
REVELL, NANCY - A CHRISTMAS WISH FOR THE SHIPYARD GIRLS
REVELL,NANCY - THE SHIPYARD GIRLS
REYNOLDS, ALASTAIR - REVENGER
REYNOLDS, ALASTAIR - SHADOW CAPTAIN
RHYS, RACHEL - DANGEROUS CROSSING
RHYS, RACHEL - FATAL INHERITANCE
RICE, ANNE - BLOOD AND GOLD
RICE, LISA MARIE - HEART OF DANGER
RICE, LISA MARIE - I DREAM OF DANGER
RICE, LISA MARIE -MIDNIGHT PROMISES
RICHARD, PENNY - RAMBLER'S REST
RICHARDS, CAROLINE - THE DEEPEST SIN
RICHARDS, EMILIE - THE PARTING GLASS
RICHELL, HANNAH - THE SHADOW OF YOU
RICHELL, HANNAH - THE SHADOW YEAR
RICHMAN, ALYSON - THE LOST WIFE
RICHMAN, ALYSON - THE SECRET OF CLOUDS
RICHMOND, MICHELLE - THE MARRIAGE PACT
RICKLOFF, ALIX - LOST IN YOU
RIDDLE, A.G. - DEPARTURE
RIGGS, RANSON - MISS PEREGRINE'S HOUSE FOR PECULIAR CHILDREN
RILEY, JUDITH MERKLE - IN PURSUIT OF THE GREEN LION
RIVERS, CAROL - EAST END JUBILEE
ROBARDS, KAREN - GUILTY
ROBARDS, KAREN - HUNTED
ROBARDS, KAREN - IRRESTIBLE
ROBARDS, KAREN - PARADISE COUNTY
ROBARDS, KAREN - THE BLACK SWAN OF PARIS
ROBARDS, KAREN - THE FIFTH DOCTRINE
ROBARDS, KAREN - THE LAST KISS GOODBYE
ROBARDS, KAREN - THE LAST VICTIM
ROBARDS, KAREN - THE MOSCOW DECEPTION
ROBARDS, KAREN - THE ULTIMATUM
ROBB, J.D - CONNECTIONS IN DEATH
ROBB, J.D. - SECRETS IN DEATH
ROBB, J.D. - SHADOWS IN DEATH
ROBB, J.D. - DARK IN DEATH
ROBB, J.D. - ORIGIN IN DEATH
ROBB, J.D. - PORTRAIT IN DEATH
ROBB, J.D. - PROMISES IN DEATH
ROBB, J.D. - TREACHERY IN DEATH
ROBB, J.D. - VENDETTA IN DEATH
ROBERT, KATEE - WILD COWBOY NIGHTS
ROBERTS, NORA - MONTANA SKY
ROBERTS, NORA - STARS
ROBERTS, NORA - SWEET REVENGE
ROBERTS, NORA - TABLE FOR 2
ROBERTS, NORA - THE LAST BOYFRIEND
ROBERTS, NORA - BAY OF SIGHS
ROBERTS, NORA - BLACK HILLS
ROBERTS, NORA - BLUE SMOKE
ROBERTS, NORA - CHANGE OF HEART
ROBERTS, NORA - CHASING FIRE
ROBERTS, NORA - DIVINE EVIL
ROBERTS, NORA - FROM DAWN TO DUK
ROBERTS, NORA - HIGH NOON
ROBERTS, NORA - HOMEPORT
ROBERTS, NORA - HONEST ILLUSIONS
ROBERTS, NORA - ISLAND OF GLASS
ROBERTS, NORA - KEY OF LIGHT
ROBERTS, NORA - LEGACY
ROBERTS, NORA - MIDNIGHT SHADOWS
ROBERTS, NORA - MYSTERIOUS
ROBERTS, NORA - NORTHERN LIGHTS
ROBERTS, NORA - NOT WITHOUT YOU
ROBERTS, NORA - PERFECT HARMONY
ROBERTS, NORA - PUBLIC SECRETS
ROBERTS, NORA - SECRETS BY NIGHTFALL
ROBERTS, NORA - SHELTER IN PLACE
ROBERTS, NORA - SUMMER COVE
ROBERTS, NORA - SWEET RAINS
ROBERTS, NORA - THE MAGIC CIRCLE
ROBERTS, NORA - THE DONOVAN LEGACY CHARMED
ROBERTS, NORA - THE LAST BOYFRIEND
ROBERTS, NORA - THE NEXT ALWAYS
ROBERTS, NORA - THE OBSESSION
ROBERTS, NORA - THE PERFECT HOPE
ROBERTS, NORA - THE VILLA
ROBERTS, NORA - THE WITNESS
ROBERTS, NORA - TRUE BETRAYALS
ROBERTS, NORA - UNDER CURRENTS
ROBERTS, NORA - WHISKEY BEACH
ROBERTS, NORA -THE MacGREGOR GROOMS
ROBERTS, SHEILA - SAND DOLLAR LANE
ROBERTS, SHEILA - TWO KISSES FOR CHRISTMAS
ROBERTS, SHEILA - WINTER AT THE BEACH
ROBERTSON, IMOGEN - CIRCLE OF SHADOWS
ROBSON, JENNIFER - OUR DARKEST NIGHT
ROBSON, JENNIFER - SOMEWHERE IN FRANCE
ROBUCK, ERIKA - HEMINGWAY'S GIRL
ROBUCK, ERIKA - SISTERS OF NIGHT AND FOG
ROBUCK, ERIKA - THE HOUSE OF HAWTHORNE
ROCHA, LUIS MIGUEL - THE LAST POPE
ROCHA, LUIS MIQUEL - THE POPE'S ASSASSIN
RODALE, MAYA -A GROOM OF HER OWN
ROGER, MARIE-SABINE - SOFT IN THE HEAD
ROGERS, GEMMA -STALKER
ROGERS, ROSEMARY - SURRENDER TO LOVE
ROLLINS, JAMES - THE LAST ODYSSEY
ROLLINS, JAMES & GRANT BLACKWOOD - WAR HAWK
ROLLINS, JAMES & REBECCA CANTRELL - INNOCENT BLOOD
RONIN, ISABELLE - ALWAYS RED
ROSE, M.J. - THE HYPNOTIST
ROSENBERG, NANCY TAYLOR - THE CHEATER
ROSENFELDT, HANS - CRY WOLF
ROSS, JOANN - HERON'S LANDING
ROSS, JOANN - ONE SUMMER
ROSS, JOANN - SECOND CHANCE SPRING
ROSS, JOANN - SUMMER ON MIRROR LAKE
ROSS, JOANN - THE INHERITANCE
ROSSNER, JUDITH - HIS LITTLE WOMEN
ROSSO, NICO - COUNTDOWN TO ZERO HOUR
ROSSO, NICO - ONE MINUTE TO MIDNIGHT
ROTERT, REBECCA - LAST NIGHT AT THE BLUE ANGEL
ROUDA, KAIRA - THE FAVORITE DAUGHTER
ROWELL, RAINBOW - FANGIRL
ROWLING, J.K. - THE CASUAL VACANCY
RUBENHOLD, HALLIE - MISTRESS OF MY FATE
RUBY-SACHS, EMMA - THE WATER MAN'S DAUGHTER
RUCKA, GREG - THE LAST RUN
RUGGLE, KATE - IN SAFE HANDS
RUGGLE, KATIE - GONE TOO DEEP
RUGGLE, KATIE - HOLD YOUR BREATH
RUSHDAN, JUNO - UNTIL THE END
RUSHDAN, JUNO - EVERY LAST BREATH
RUSHDAN, JUNO - NOTHING TO FEAR
RUTHERFORD, EDWARD - THE FOREST
RUTHERFORD, EDWARD - NEW YORK
RUTHERFORD, EDWARD-THE PRINCESS OF IRELAND(THE DUBLIN SAGA)
RYAN, HANK PHILLIPPA - WHAT YOU SEE
RYAN, HANK PHILLIPPI - AIR TIME
RYAN, HANK PHILLIPPI - DRIVE TIME
RYAN, HANK PHILLIPPI - HER PERFECT LIFE
RYAN, HANK PHILLIPPI - THE FIRST TO LIE
RYAN, HANK PHILLIPPI - TRUST ME
RYAN, JENNIFER - THE SPIES OF SHELLING LANE
RYAN, KENDALL - FILTHY AND BEAUTIFUL LIES
RYAN, ROBERT - AFTER MIDNIGHT
RYAN, ROBERT - EMPIRE OF SAND
RYAN, ROBERT - THE DEAD CAN WAIT
SALEM, J.J. - THE STRIP
SALVATORE, R.A. - THE ANCIENT
SALVATORE, R.A. - THE HIGHWAYMAN
SANDERS, ANNIE - THE XMAS FACTOR
SANDERS, LAWRENCE - McNALLY'S SECRET
SANDERSON, BRANDON - FEARTRIS
SANDERSON, BRANDON - WARBREAKER
SANDERSON, BRANDON-ARCANUM UNBOUNDED THE COSMERE COLLECTION
SANDERSON, JANE - THIS MUCH IS TRUE
SANDFORD, JOHN - BAD BLOOD
SANDFORD, JOHN - BLOODY GENIUS
SANDFORD, JOHN - BURIED PREY
SANDFORD, JOHN - GATHERING PREY
SANDFORD, JOHN - HEAT LIGHTING
SANDFORD, JOHN - HOLY GHOST (lARGE PRINT)
SANDFORD, JOHN - SILKEN PREY
SANDFORD, JOHN - WICKED PREY
SANDS, LYNSAY - SURRENDER TO THE HIGHLANDER
SARAMAGO, JOSE - THE ELEPHANT'S JOURNEY
SAUL, JANICE J. - FIRST WARM EVENING OF THE YEAR
SAVAGE, CARO - VILLIAN
SCARROW, SIMON - PRAETORIAN
SCHROEDER, LISA - I HEART HYOU, YOU HAUNT ME
SCHULMAN, HELEN - COME WITH ME
SCHWALBE, WILL - THE END OF YOUR LIFE BOOK CLUB
SCORE, LUCY - PRETEND YOU ARE MINE
SCOTT, NIKOLA - MY MOTHER'S SHADOW
SCOTTOLINE, LISA - HAVE A NICE GUILT TRIP
SCOTTOLINE, LISA - AFTER ANNA
SCOTTOLINE, LISA - DEVIL'S CORNER
SCOTTOLINE, LISA - ONE PERFECT LIE
SEGAL, FRANCESCA - THE INNOCENTS
SEIDEL, KATHLEEN GILLES - KEEP YOUR MOUTH SHUT AND WEAR BEIGE
SEMPLE, MARIA - WHERE'S YOU GO BERNADETTE
SESKIS, TINA - THE HONEYMOON
SEYMOUR, GERALD - A DENIABLE DEATH
SHAFAK, ELIF - THE FORTY RULES OF LOVE
SHALVIS, JILL - THE LEMON SISTERS
SHALVIS,JILL - HEAD OVER HEELS
SHARP, CATHY - A DAUGHTER'S SORROW
SHATTUCK, JESSICA - THE WOMEN IN THE CASTLE
SHAYNE, MAGGIE - KILLING ME SOFTLY
SHAYNE, MAGGIE - KILL ME AGAIN
SHEENE, LYNN - THE LAST TIME I SAW PARIS
SHEHADI, MUNA - HIDDEN TRUTHS
SHEHADI, MUNA - HONEST SECRETS
SHEHADI, MUNI - FIRST WIFE
SHEHADI, MUNI - HONEST SECRETS
SHEHADI, MUNI - PRIVATE LIES
SHELDON, SIDNEY - NOTHING LASTS FOREVER
SHELDON, SIDNEY - RAGE OF ANGELS
SHELDON, SIDNEY & TILLY BAGSHAWE - CHASING TOMORROW
SHELDON, SIDNEY-BLOODLINE, A STRANGER IN THE MIRROR, THE NAKD FACE
SHELTON, SANDI KAHN - KISSING GAMES OF THE WORLD
SHEPARD, SARA - REPUTATION
SHEPHERD, SARA - THE HEIRESSES
SHIELDS, CAROL - THE STONE DIARIES
SHOWALTER, GENA - CAN'T LET GO
SHOWALTER, GENA - THROUGH THE ZOMBIE GLASS
SHRIVER, LIONEL - WE NEED TO TALK ABOUT KEVIN
SIGURDARDORTIR, YRSA - SOMETONE TO WATCH OVER ME
SILVA, DANIEL - THE BLACK WIDOW
SILVA, DANIEL - THE OTHR WOMAN
SILVA, DANIEL - THE ENGLISH SPY
SILVA, DANIEL - THE ORDER
SIMMONS, PAULLINA - A SONG IN DAYLIGHT
SIMONSON, HELEN - THE SUMMER BEFORE THE WAR
SIMSES, MARY - THE WEDDING THIEF
SITOMER, ALAN LAWRENCE - NERD GIRLS A CASTROPHE OF NERDISH PROPORTIONS
SIXSMITH, MARTIN - PHILOMENA
SKYE, CHRISTINA - BUTTERFLY COVE
SKYE, CHRISTINA - THE ACCIDENTAL BRIDE
SKYE, CHRISTINA - TO CATCH A THIEF
SLATER, K.L. - THE LIAR
SLATER, K.L. - THE MARRIAGE
SLATER, K.L. - THE SILENT ONES
SLATER, SEAN - THE SURVIVOR
SLAUGHTER, KARIN - PRETTY GIRLS
SLAUGHTER, KARIN - THE SILENT WIFE
SLAUGHTER, KARIN - UNSEEN
SLIMANI, LEILA - THE PERFECT NANNY
SMALE, HOLLY - GEEK GIRL
SMITH, ALEXANDER McCALL - MORALITY FOR BEAUTIFUL GIRLS
SMITH, ALEXANDER McCALL - THE FULL CUPBOARD OF LIFE
SMITH, ALEXANDER McCALL - THE MAN WITH THE SILVER SAAB
SMITH, ALEXANDER McCALL - THE MINOR ADJUSTMENT BEAUTY SALON
SMITH, ANNA - THE DEAD DON'T SLEEP
SMITH, ANNE EASTER - DAUGHTER OF YORK
SMITH, DEBRA WHITE - HEATHER THE DEBUTANTE
SMITH, JOAN - DESTINY'S DREAM
SMITH, KAREN ROSE - MURDER WITH CHERRY TARTS
SMITH, L.J. - THE VAMPIRE DIARIES-THE AWAKENING AND THE STRUGGLE
SMITH, MARK ALLEN - THE INQUISITOR
SMITH, WILBUR - DESERT GOD
SMITH, WILBUR - A TIME TO DIE
SMITH, WILBUR - BLUE HORIZON
SMITH, WILBUR - COURTNEY'S WAR
SMITH, WILBUR - DESERT GOLD
SMITH, WILBUR - PHARAOH
SMITH, WILBUR - PREDATOR
SMITH, WILBUR - RAGE
SMITH, WILBUR - THE TIGER'S PREY
SMTH, WILBUR - VICIOUS CIRCLE
SNOW, JENNIFER - ALASKA FOR CHRISTMAS
SO, ANTHONY VEASNA - AFTERPARTIES
SOHMER, STEVE - PATRIOTS
SOLI, TATIANA - THE LAST GOOD PARADISE
SOLOMONS, NATASHA - HOUSE OF GOLD
SORENSON, JILL - AFTER SHOCK
SORENSON, JILL - BACKWOODS
SOUTHIN, GWENDOLYN - DEATH AS A LAST RESORT
SPARKS, NICHOLAS - NIGHTS IN RODANTHE
SPARKS, NICHOLAS - SAFE HAVEN
SPARKS, NICHOLAS - SEE ME
SPARKS, NICHOLAS - THE LAST SONG
SPARKS, NICHOLAS - TWO BY TWO
SPINDLER, ERICA - JUSTICE FOR SARA
SPINDLER, ERICA - THE FIRST WIFE
SPINDLER, ERICA - WATCH ME DIE
SPINDLER, ERICA -BEAK NECK
SPINELLI, JERRY - SMILES TO GO
ST. CLAIRE, ROXANNE - EDGE OF SIGHT
ST. CLAIRE, ROXANNE - FACE OF DANGER
ST. CLAIRE, ROXANNE - SHIVER OF FEAR
STACEY, SHANNON - CONTROLLED BURN BOSTON FIRE
STACEY, SHANNON - FLARE UP BOSTON FIRE
STACEY, SHANNON - FULLY IGNITED BOSTON FIRE
STACEY, SHANNON - HEAT EXCHANGE BOSTON FIRE
STACEY, SHANNON - HOT RESPONSE BOSTON FIRE
STACEY, SHANNON - UNDER CONTROL BOSTON FIRE
STANLEY, KELLI - CITY OF DRAGONS
STANLEY, MICHAEL - A DEATH IN THE FAMILY
STAPLEY, MARISSA - MATING FOR LIFE
STAUB, WENDY CORSI - BONE WHITE
STAUB, WENDY CORSI - DYING BREATH
STEADMAN, CATHERINE - THE DISAPPEARING ACT
STEEL, D ANIELLE - DADDY'S GIRLS
STEEL, DANIELLE - A GOOD WOMAN
STEEL, DANIELLE - AGAINST ALL ODDS
STEEL, DANIELLE - ALL THAT GLITTERS
STEEL, DANIELLE - BEAUCHAMP HALL
STEEL, DANIELLE - BIG GIRLS
STEEL, DANIELLE - BLUE
STEEL, DANIELLE - CHILD'S PLAY
STEEL, DANIELLE - COMPLICATIONS
STEEL, DANIELLE - DADDY
STEEL, DANIELLE - FAIRYTALE
STEEL, DANIELLE - FALL FROM GRACE
STEEL, DANIELLE - FAMILY TIES
STEEL, DANIELLE - FLYING ANGELS
STEEL, DANIELLE - GOING HOME
STEEL, DANIELLE - HEARTBEAT
STEEL, DANIELLE - IRRESISTIBLE FORCES
STEEL, DANIELLE - JEWELS
STEEL, DANIELLE - LOST AND FOUND
STEEL, DANIELLE - MALICE
STEEL, DANIELLE - MORAL COMPASS
STEEL, DANIELLE - NINE LIVES
STEEL, DANIELLE - NO GREATER LOVE
STEEL, DANIELLE - PAST PERFECT
STEEL, DANIELLE - PRODIGAL SON
STEEL, DANIELLE - RUSHING WATERS
STEEL, DANIELLE - SECOND CHANCE
STEEL, DANIELLE - SECRETS
STEEL, DANIELLE - SILENT NIGHT
STEEL, DANIELLE - SILENT NIGHT (large print book)
STEEL, DANIELLE - SUSPECTS
STEEL, DANIELLE - THE CAST
STEEL, DANIELLE - THE COTTAGE
STEEL, DANIELLE - THE GOOD FIGHT
STEEL, DANIELLE - THE MISTRESS
STEEL, DANIELLE - THE NUMBERS GAME
STEEL, DANIELLE - TURNING POINT
STEEL, DANIELLE - WANDERLUST
STEEL, DANIELLE, - THE AWARD
STEIN, GARTH - A SUDDEN LIGHT
STEPP, LIN - DOWN BY THE RIVER
STEVENS, CHEVY - NEVER LET YOU GO
STIEFVATER, MAGGIE - LINGER
STIMSON, T. J. - PICTURE OF INNOCENCE
STIMSON, TESS - THE WIFE WHO RAN AWAY
STIMSON, TESS - SOFT FOCUS
STOCKETT, KATHRYN - THE HELP
STONE, DAVID - THE ORPHEUS DECEPTION
STONE, LISA - THE DARKNESS WITHIN
STOREY, ERIK - NOTHING SHORT OF DYING
STOTT, REBECCA - THE CORAL THIEF
STROUT, ANTON - DEAD TO ME
STUART, AMY - STILL HERE
STYLES, DAISY - THE BOMB GIRLS' SECRETS
STYLES, DASY - THE BOMB GIRLS
SULLIVAN, ANNA - SECRET HARBOR
SULLIVAN, CONNOR - SLEEPING BEAR
SULLIVAN, MAGGIE - CHRISTMAS ON CORONATION STREET
SUNDIN, SARAH - A DISTANT MELODY
SUNDIN, SARAH - BLUE SKIES TOMORROW
SWAN, KAREN - CHRISTMAS UNDER THE STARS
SWAN, KAREN - THE SUMMER WITHOUT YOU
SWAN, KAREN - TOGETHER BY CHRISTMAS
SWEENEY, LEANN - THE CAT, THE COLLECTOR AND THE KILLER
SWIFT, LISA - WHEN YOU WERE MINE
TAPPER, JAKE - THE HELLFIRE CLUB
TARTT, DONNA - THE GOLDFISH
TAYLOR, BRAD - AMERICAN TRAITOR
TAYLOR, C.L. - HER LAST HOLIDAY
TAYLOR, C.L. - STRANGERS
TAYLOR, D.J. - THE WINDSOR FACTION
TAYLOR, LULU - BEAUTIFUL CREATURES
TAYLOR, LULU - THE WINTER FOLLY
TAYLOR, LULU - THE WINTER SECRET
TENTLER, LESLIE - THE EDGE OF MIDNIGHT
TERRY, CANDIS - PERFECT FOR YOU
TERRY, CANDIS - TANGLED UP IN TINSEL
TESSARO, KATHLEEN - THE FLIRT
THACKERAY, WILLIAM MAKEPEACE - VANITY FAIR
THIEN, MADELEINE - DO NOT SAY WE HAVE NOTHING
THOEN, BODIE - DANZIG PASSAGE
THOMAS, AUGUST - LIAR'S CANDLE
THOMAS, CRAIG - THE LAST RAVEN
THOMAS, JOAN - FIVE WIVES
THOMAS, JULIE - RACHEL'S LEGACY
THOMAS, MAISIE - HOPE FOR THE RAILWAY GIRLS
THOMAS, MAISIE - THE RAILWAY GIRLS
THOMAS, SAM - THE WIDWIFE'S TALE
THOMAS, SHERRY - PRIVATE ARRANGEMENTS
THOMPSON, ELIZABETH - LOST IN PARIS
THOMPSON, KATE - SECRETS OF THE HOMEFRONTN GIRLS
THOMSON, LESLEY - GHOST GIRL
THOMSON, LESLEY - THE DETECTIVE'S DAUGHTER
THORTON, MARGARET BRADHAM - CHARLESTON
THUY, KIM - RU
TIFFANY CLARE - THE SURRENDER OF A LADY
TODD, CHARLES - A FATAL LIE
TORJUSSEN, MARY - THE GIRL I USED TO BE
TREMAYNE, S.K. - THE ASSISTANT
TRIGIANI, ADRIANA - TONY'S WIFE
TROLLOPE, JOANNA - DAUGHTERS-IN-LAW
TURNBULL, BRYN - THE LAST GRAND DUCHESS
TYLER, STEPHEN - UNBREAKABLE
VAUGHAN, SARAH - LITTLE DISASTERS
VERANT, SAMANTHA - SEVEN LETTERS FROM PARIS
VERDI, R.R. - DANGEROUS WAYS (BOOK 1)
VINCENZI, PENNY - A PERFECT HERITAGE
VORNHOLT, JOHN - STAR TREK - A TIME TO DIE
VORNHOLT, JOHN - STAR TREK A TIME TO BE BORN
WACHOWSKI, J. - IN PLAIN VIEW
WAGSTAFF, SASHA - WICKED GAMES
WALKER, FIONA - THE WOMAN WHO FELL IN LOVE FOR A WEEK
WALKER, MARTIN - THE COLDEST CASE
WALKER, WENDY - ALL IS NOT FORGOTTEN
WALLER, LESLIE - BLOOD DREAMS
WALSH, JACKIE - HER WHITE LIE
WALSH, ROSIE - GHOSTED
WALTERS, MINETTE - FOX EVIL
WARD, AMANDA EYRE - THE SAME SKY
WARE, CIJI - A RACE TO SPLENDOR
WARE, RUTH - IN A DARK, DARK WOOD
WARE, RUTH - ONE BY ONE
WARE, RUTH - THE DEATH OF MRS. WESTAWAY
WARE, RUTH - THE WOMAN IN CABIN 10
WATSON, RENEE - THIS SIDE OF HOME
WATSON, S.J - FINAL CUT
WATTERSON, KATE - FRACTURED
WATTS. JENNIFER - TRUE NORTH
WAUGH, DAISY - LAST DANCE WITH VALENTINO
WEATHERLEY, ANNA-LOU - BLACK HEART
WEATHERLEY, ANNA-LOU - PLEASURE ISLAND
WEATHERLEY, ANNA-LOU - THE STRANGER'S WIFE
WEATHERLEY, ANNA-LOU - WICKED WIVES
WEAVER, ASHLEY - MURDER AT BRIGHTWELL
WEBB, BETTY - DESERT RUN
WEBB, DEBRA - GONE TOO FAR
WEBB, DEBRA - OBSESSION
WEBB, DEBRA - RAGE
WEBB, DEBRA - REVENGE
WEBB, DEBRA - THE LIES WE TELL
WEBB, WENDY - THE VANISHING
WEIN, ELIZABETH - ROSE UNDER FIRE
WEIR, ALISON - CAPTIVE QUEEN
WEIS, MARGARET & TRACY HICKMAN - DRAGONS FALLEN SUN
WELDON, FAY - HABITS OF THE HOUSE
WELLS, ROBISON - VARIANT
WEYN, SUZANNE - DISTANT WAVES
WHIITAKER, GAIL - REVENGE IN REGENCY SOCIETY
WHITE, KAREN - FLIGHT PATTERNS
WHITE, KAREN - THE SOUND OF GLASS
WHITE, ROSEANNA M. - ON WINGS OF DEVOTION
WHITE, ROSEANNA M. - THE NUMBER OF LOVE
WHITEHEAD, COLSON - THE UNDERGROUND RAILROAD
WHITESIDE, DIANE, MAGGIE ROBINSON & MIA MARLOWE - IMPROPER GENTLEMEN
WIBBERLEY, EMILY & AUSTIN SIEGMJUND-BROKA - ALWAYS NEVER YOURS
WIGGS, SUSAN - FIRESIDE
WIGGS, SUSAN - JUST BREATHE
WIGGS, SUSAN - THE LOST AND FOUND BOOKSHOP
WILD, MEREDITH - HARDPRESSED (BOOK TWO)
WILD, MEREDITH - HARDWIRED (BOOK ONE)
WILD, MEREDITH, HARDLINE (BOOK THREE)
WILDE, LORI - MAD ABOUT YOU
WILHIDE, ELIZABETH - IF I COULD TELL YOU
WILKES, ELENA - KEEP MY SCRET
WILLBERG, T.A. - MARION LANE AND THE MIDNIGHT MURDER
WILLETT, MARCIA - CHIRSTMAN IN CORNWALL
WILLETT, MARCIA - MEMORIES OF THE STORM
WILLIAMS, ANDRIA - THE LONGEST NIGHT
WILLIAMS, BEARIZ, LAUREN WILLIG & KAREN WHITE - ALL TH WAYS WE SAID GOODBYE(lp)
WILLIAMS, BEATRIZ - A HUNDRED SUMMERS
WILLIAMS, BEATRIZ - ALONG THE INFINITE SEA
WILLIAMS, BEATRIZ - COCOA BEACH
WILLIAMS, BEATRIZ - HER LAST FLIGHT (large print)
WILLIAMS, BEATRIZ - OVERSEAS
WILLIAMS, KATE - THE EDGE OF THE FALL
WILLIAMS, KATE - THE PLEASURES OF MEN
WILLIAMS, SYNITHIA - FOOLISH HEART
WILLIAMS, T.A. - DREAMING OF CHRISTMAS
WILLIAMS, T.A. - DREAMING OF VERONA
WILLIAMS, T.A. - SECRETS ON THE ITALIAN ISLAND
WILLIAMSON, BETH - UNBRIDLED
WILLIG, LAURA - THE MARK OF THE MIDNIGHT MANZANILLA
WILLIG, LAUREN - THAT SUMMER
WILSHER, SUE - THE COPPERETTES AT WAR
WILTON, TRACI - MRS. MARRIS AND THE VAMPIRE
WINE, MARY - HIGHLAND HELLCAT
WINFREE, LINDA - FALL INTO ME
WINGATE, LISA - BEFORE WE WERE YOURS
WINGATE, MARTY - GLAMOUR GIRLS
WINSLOW, DON - THE FORCE
WINSPEAR, JACQUELINE - BIRDS OF A FEATHER
WINSPEAR, JACQUELINE - ELEGY FOR EDDIE
WINSPEAR, JACQUELINE - IN THIS GRAVE HOUR
WINTERS, ANGELA - ALMOST DOESN'T COUNT
WINTERS, PEPPER - SIN AND SUFFER
WONG, SANDRA S G - IN THE DARK WE FORGET
WOOD, TRACEY ENERSON - THE ENGINEER'S WIFE
WOODMAN, CATHY - FOLLOW ME HOME
WOODS, SHERRYL - ASK ANYONE
WOODS, SHERRYL - LOVE
WOODS, SHERRYL - STEALING HOME
WOODS, STUART - DOUBLE JEOPARDY
WOODS, STUART - CHIEFS
WOODS, STUART - STEALTH
WOODS, STUART - UNNATURAL ACTS
WRIGHT, DEBORAH - THE CELEBRITY MOTHER
WRIGHT, K. - LOVE IN MID AIR
WYATT, TARA - PRIMAL INSTINCT
WYLDE, JOANNA - REAPER'S FALL
WYLDE, JOANNA - REAPER'S LEGACY
YORK, REBECCA -BEYOND FEARLESS
ZANETTI, REBECCA - BROKEN
ZANETTI, REBECCA - FALLEN
ZETTEL, SARAH - A MOTHER'S LIE
ZETTEL, SARAH - THE OTHER SISTER
ZUSAK, MARKUS - THE BOOK THIEF
McGUIRE, JAMIE - BEAUTIFUL OBLIVION
COOK, LORNA - THE DRESSMAKER'S SECRET